State,Suburb,Reason for seeking support,lat,lon,Service Demand,Service Supply,Demand to Supply Ratio
QLD,ABBOTSFORD,HOUSING,-24.830340724712386,152.01079751663963,2,0,0
QLD,ABERGOWRIE,HOUSING,-18.43819234933006,145.93122221404002,2,0,0
QLD,ACACIA RIDGE,HOUSING|SUPPORT & COUNSELLING,-27.58536467514454,153.02358577222194,22,4,5.5
QLD,AEROGLEN,HOUSING,-16.87646872556181,145.762414512748,366,0,0
QLD,AGNES WATER,DISABILITIES|HEALTH|HOUSING|MENTAL HEALTH,-24.22606498469642,151.9107216876149,2,0,0
QLD,AIRLIE BEACH,HOUSING,-20.27177209744989,148.71697199305257,15,1,15
QLD,AITKENVALE,FAMILY VIOLENCE|HOUSING|LAW|SUPPORT & COUNSELLING,-19.299534659494068,146.7696835192097,17,21,0.8095238095238095
QLD,ALBANY CREEK,HEALTH|HOUSING,-27.35438796030149,152.96926226037507,17,4,4.25
QLD,ALBION,HOUSING|SUPPORT & COUNSELLING,-27.432643180807066,153.04355818463836,12,7,1.7142857142857142
QLD,ALDERLEY,HOUSING,-27.42528091124745,153.00101833287903,9,0,0
QLD,ALDERSHOT,HOUSING,-25.46342581,152.65785227,6,0,0
QLD,ALEXANDRA HEADLAND,FAMILY VIOLENCE|HOUSING|LAW,-26.670798919029306,153.10363279896012,5,0,0
QLD,ALEXANDRA HILLS,DISABILITIES|HEALTH|HOUSING,-27.53246826546552,153.22889267026497,93,11,8.454545454545455
QLD,ALGESTER,DISABILITIES|HEALTH|HOUSING|MENTAL HEALTH,-27.61274537148584,153.03254758506816,4,3,1.3333333333333333
QLD,ALICE RIVER,HOUSING,-19.345564237725387,146.62024706354273,46,0,0
QLD,ALLORA,DISABILITIES|HEALTH|HOUSING|MENTAL HEALTH,-28.017343616483775,151.9784687772214,2,4,0.5
QLD,ALOOMBA,HOUSING,-17.113419,145.849739,1,0,0
QLD,ALPHA,DISABILITIES|HOUSING|SUPPORT & COUNSELLING,-23.638372640586393,146.63079109149353,0,2,0
QLD,ALSACE,DISABILITIES|HOUSING|SUPPORT & COUNSELLING,-23.28672916582097,149.29739685745736,0,6,0
QLD,AMBERLEY,HEALTH|HOUSING|SUPPORT & COUNSELLING,-27.632089220409025,152.69589613612501,0,1,0
QLD,ANDERGROVE,DISABILITIES|HEALTH|HOUSING|MENTAL HEALTH,-21.095161121150806,149.18590180408643,8,0,0
QLD,ANNANDALE,DISABILITIES|HEALTH|HOUSING|MENTAL HEALTH|SUPPORT & COUNSELLING,-19.31113678395105,146.78757393619378,3,1,3
QLD,ANNERLEY,DISABILITIES|HOUSING|LAW|SUPPORT & COUNSELLING,-27.512448972025098,153.03234510852937,74,7,10.571428571428571
QLD,ARAMAC,DISABILITIES|HEALTH|HOUSING|SUPPORT & COUNSELLING,-22.984924068811114,145.2294788703696,0,2,0
QLD,ARAMARA,HOUSING,-25.60213292196081,152.34985367351211,1,0,0
QLD,ARANA HILLS,DISABILITIES|HOUSING,-27.3919755601855,152.9545311391661,15,0,0
QLD,ARCADIA,HOUSING,-19.143276709426406,146.86037675986344,5,0,0
QLD,ARCHERFIELD,HOUSING|SUPPORT & COUNSELLING,-27.568538307816677,153.01125439348905,13,0,0
QLD,ARMSTRONG BEACH,HOUSING,-21.441116275741287,149.26951744746268,14,0,0
QLD,ARRIGA,HOUSING,-17.085610548886496,145.30654596471675,14,0,0
QLD,ARUNDEL,DISABILITIES|HOUSING,-27.938654354516235,153.36209940880673,122,19,6.421052631578948
QLD,ASCOT,HOUSING,-27.42975091941294,153.06470672496928,23,0,0
QLD,ASHGROVE,HOUSING,-27.442,152.9776,32,0,0
QLD,ASHMORE,DISABILITIES|HOUSING|MENTAL HEALTH|SUPPORT & COUNSELLING,-27.988766583743637,153.37639739930034,15,19,0.7894736842105263
QLD,ASPLEY,HOUSING,-27.366663103703306,153.01794473763212,43,9,4.777777777777778
QLD,ATHERTON,HOUSING,-17.266082542350517,145.48585601480136,48,15,3.2
QLD,ATKINSONS DAM,HOUSING,-27.421340749453133,152.43388244468008,2,0,0
QLD,AUCHENFLOWER,HEALTH|HOUSING,-27.47392752846458,152.99519470980164,2,2,1
QLD,AUGATHELLA,DISABILITIES|HEALTH|HOUSING|SUPPORT & COUNSELLING,-25.80451339978563,146.57987918817844,1,1,1
QLD,AUGUSTINE HEIGHTS,HOUSING,-27.6554109,152.879419,6,0,0
QLD,AURUKUN,DISABILITIES|HOUSING|SUPPORT & COUNSELLING,-13.610903333821824,141.82868508991348,7,2,3.5
QLD,AUSTINVILLE,HOUSING,-28.156791627412318,153.31048327516353,2,0,0
QLD,AVOCA,HOUSING,-24.881222865448194,152.30613144356704,3,1,3
QLD,AYR,HOUSING,-19.56852088316986,147.40657866274753,9,13,0.6923076923076923
QLD,BABINDA,HOUSING,-17.340707821001505,145.92727675470547,11,0,0
QLD,BAFFLE CREEK,HOUSING|SUPPORT & COUNSELLING,-24.48659459678667,151.9456222110861,4,0,0
QLD,BAHRS SCRUB,HOUSING,-27.752039099999998,153.18555179999998,3,0,0
QLD,BAKERS BEND,HOUSING,-26.73029626158985,146.09984351578456,3,0,0
QLD,BALD HILLS,DISABILITIES|HOUSING,-27.306473453863102,153.01989423815562,72,3,24
QLD,BALGOWAN,HOUSING|SUPPORT & COUNSELLING,-27.25173597730853,151.69437876957346,4,0,0
QLD,BALMORAL,DISABILITIES|HOUSING,-27.456397173382193,153.06771344418567,30,0,0
QLD,BAMAGA,FAMILY VIOLENCE|HOUSING|LAW,-10.856092905608397,142.43239689881085,0,5,0
QLD,BANANA,HOUSING|SUPPORT & COUNSELLING,-24.48889016224358,150.16166981398135,1,0,0
QLD,BANKSIA BEACH,HOUSING,-27.04160089689212,153.14403575085558,54,0,0
QLD,BANYO,HOUSING,-27.379127440202467,153.08252945997552,10,0,0
QLD,BARALABA,HOUSING,-24.313357535173743,149.91753102284287,0,1,0
QLD,BARAMBAH,HOUSING|SUPPORT & COUNSELLING,-26.32187145654458,152.1199307290083,2,0,0
QLD,BARCALDINE,HOUSING,-23.570070612864296,145.3293704538775,0,7,0
QLD,BARDON,DISABILITIES|EMPLOYMENT|HEALTH|HOUSING|MENTAL HEALTH,-27.460070920199982,152.97817740934238,19,6,3.1666666666666665
QLD,BARGARA,HOUSING,-24.82969485411645,152.46076599750202,1,1,1
QLD,BARRINGUN,FAMILY VIOLENCE|HOUSING|LAW,-28.862868082552005,145.79142124443015,4,0,0
QLD,BARWIDGI,HOUSING,-17.666392015902947,144.6415088080685,2,0,0
QLD,BASIN POCKET,HOUSING|SUPPORT & COUNSELLING,-27.5980874,152.7692559,1,0,0
QLD,BATTERY HILL,DISABILITIES|HEALTH|HOUSING|MENTAL HEALTH,-26.778922087181954,153.12847430009515,2,0,0
QLD,BAYVIEW HEIGHTS,HOUSING|SUPPORT & COUNSELLING,-16.962291806099955,145.72585072275947,25,0,0
QLD,BEACHMERE,HOUSING,-27.108191842073847,153.04473965080814,10,1,10
QLD,BEACONSFIELD,HOUSING,-21.089829306938462,149.16656190782965,2,0,0
QLD,BEAUDESERT,HOUSING|SUPPORT & COUNSELLING,-27.988156287105546,153.001886081148,27,22,1.2272727272727273
QLD,BEENLEIGH,HOUSING|SUPPORT & COUNSELLING,-27.715128642066578,153.19375436745335,359,13,27.615384615384617
QLD,BEERWAH,DISABILITIES|EMPLOYMENT|HEALTH|HOUSING|SUPPORT & COUNSELLING,-26.857316896071527,152.95516512347803,8,6,1.3333333333333333
QLD,BELGIAN GARDENS,HOUSING,-19.2475663487058,146.79248408080474,2,1,2
QLD,BELL,HOUSING,-26.92282447774429,151.43866173157886,1,0,0
QLD,BELLARA,EMPLOYMENT|HEALTH|HOUSING|LAW,-27.061179095266127,153.14567201377773,22,2,11
QLD,BELLBIRD PARK,HOUSING|SUPPORT & COUNSELLING,-27.6518999,152.8729208,8,0,0
QLD,BELLEVUE,HOUSING,-16.638617877854795,144.26353754541012,1,0,0
QLD,BELLI PARK,HOUSING|SUPPORT & COUNSELLING,-26.506542107583492,152.8212247302318,1,0,0
QLD,BELLMERE,HOUSING,-27.089526604608295,152.92525613931727,1,0,0
QLD,BELLS CREEK,DISABILITIES|HEALTH|HOUSING|MENTAL HEALTH,-26.821296722783178,153.0581254768955,1,0,0
QLD,BELMONT,FAMILY VIOLENCE|HOUSING|LAW,-27.509077481518013,153.133463386033,16,0,0
QLD,BENOWA,HOUSING,-28.007697415730245,153.3858192282202,148,4,37
QLD,BENTLEY PARK,FAMILY VIOLENCE|HOUSING|LAW,-17.008308075989365,145.72218591751846,1,0,0
QLD,BERRINBA,DISABILITIES|HEALTH|HOUSING|MENTAL HEALTH,-27.65871200263479,153.08066633973678,16,0,0
QLD,BERSERKER,HOUSING,-23.364494104075234,150.5277723660496,133,2,66.5
QLD,BETHANIA,HOUSING,-27.687076795497827,153.1566092430244,30,6,5
QLD,BIARRA,HOUSING,-27.20319656225042,152.30038847052694,6,0,0
QLD,BIDDADDABA,HOUSING,-27.999597016871892,153.111326835827,1,0,0
QLD,BIGGENDEN,DISABILITIES|HOUSING|SUPPORT & COUNSELLING,-25.57201154700222,151.99418254569542,0,2,0
QLD,BIGGERA WATERS,DISABILITIES|HEALTH|HOUSING|MENTAL HEALTH,-27.930103557192698,153.39411143933702,97,4,24.25
QLD,BILINGA,FOOD|HOUSING|SUPPORT & COUNSELLING,-28.160719779826728,153.50707120078877,34,4,8.5
QLD,BILOELA,HOUSING,-24.397519097088352,150.51596097925926,8,13,0.6153846153846154
QLD,BIRKDALE,HOUSING,-27.498529982340273,153.2108108912004,30,8,3.75
QLD,BIRTINYA,HOUSING,-26.74288524535878,153.11475946449522,6,6,1
QLD,BLACKALL,DISABILITIES|EMPLOYMENT|HEALTH|HOUSING|SUPPORT & COUNSELLING,-24.585933348775374,145.40543083027637,0,1,0
QLD,BLACKS BEACH,HOUSING,-21.06426450805313,149.1867875600924,4,0,0
QLD,BLACKWATER,HOUSING|SUPPORT & COUNSELLING,-23.485513866802382,148.79117548999847,8,1,8
QLD,BLI BLI,DISABILITIES|HEALTH|HOUSING,-26.61092859444065,153.0333756549269,3,3,1
QLD,BLOOMSBURY,HOUSING,-20.6799028,148.6201526,16,0,0
QLD,BOGIE,HOUSING,-20.34254084917309,147.83528038893982,12,0,0
QLD,BOKARINA,DISABILITIES|HOUSING|SUPPORT & COUNSELLING,-26.738560798607324,153.12988731638993,0,2,0
QLD,BOLLON,HOUSING,-28.286178745817615,147.32432142947252,1,0,0
QLD,BONGAREE,HOUSING,-27.079812954850492,153.1641106200664,1,14,0.07142857142857142
QLD,BONGEEN,HOUSING,-27.56668377837808,151.44885845305447,3,0,0
QLD,BOONAH,EMPLOYMENT|HEALTH|HOUSING|LAW,-27.992670288760355,152.69059728512772,1,11,0.09090909090909091
QLD,BOONARGA,HOUSING|SUPPORT & COUNSELLING,-26.7734904,150.6776118,7,0,0
QLD,BOONDALL,HOUSING,-27.3416821,153.0661001,20,0,0
QLD,BOOVAL,FOOD|HOUSING|SUPPORT & COUNSELLING,-27.613651724934307,152.79247034121437,13,12,1.0833333333333333
QLD,BORONIA HEIGHTS,HOUSING|SUPPORT & COUNSELLING,-27.688495354399507,153.0196463706416,76,4,19
QLD,BOWEN,EMPLOYMENT|HEALTH|HOUSING|LAW,-20.144993438286978,148.11942168922667,13,19,0.6842105263157895
QLD,BOWEN HILLS,HOUSING,-27.44473590267639,153.03667137463555,27,3,9
QLD,BOWENVILLE,HOUSING,-27.2899315,151.5642945,1,0,0
QLD,BOYNE ISLAND,HOUSING,-23.932036684352585,151.32485272160034,0,2,0
QLD,BRACALBA,HOUSING,-27.004343340464967,152.83537852758738,1,0,0
QLD,BRACKEN RIDGE,HOUSING,-27.319833922156494,153.0338609118537,20,2,10
QLD,BRAMSTON BEACH,FAMILY VIOLENCE|HOUSING|LAW,-17.355208442983386,146.01336151694156,0,10,0
QLD,BRANDON,HOUSING,-19.54352103000791,147.3536509104745,1,0,0
QLD,BRASSALL,HOUSING,-27.590110042832176,152.73635332036812,36,4,9
QLD,BRAY PARK,DISABILITIES|HEALTH|HOUSING|MENTAL HEALTH,-27.292452288249642,152.96779333092417,171,1,171
QLD,BRENDALE,HOUSING,-27.31,152.9874,5,0,0
QLD,BRIBIE ISLAND NORTH,HOUSING,-26.9055439654632,153.11291965579557,11,0,0
QLD,BRIDGEMAN DOWNS,HOUSING,-27.35140792099729,152.9942623634478,0,2,0
QLD,BRIDGES,DISABILITIES|HEALTH|HOUSING|MENTAL HEALTH,-26.53462612073703,152.93960191561624,13,0,0
QLD,BRIGHTON,DISABILITIES|HEALTH|HOUSING,-27.296215906924722,153.05715349668742,13,1,13
QLD,BRIGHTVIEW,HOUSING|SUPPORT & COUNSELLING,-27.498575721581492,152.49919288076413,1,0,0
QLD,BRISBANE AIRPORT,HOUSING,-27.38837224795093,153.11320119874605,21,0,0
QLD,BRISBANE CITY,ALCOHOL & OTHER DRUGS|DISABILITIES|EMPLOYMENT|FAMILY VIOLENCE|HEALTH|HOUSING|LAW|MENTAL HEALTH|SUPPORT & COUNSELLING,-27.469770734974254,153.02512268361687,9413,32,294.15625
QLD,BROADBEACH,ALCOHOL & OTHER DRUGS|DISABILITIES|EMPLOYMENT|FAMILY VIOLENCE|HEALTH|HOUSING|LAW|MENTAL HEALTH|SUPPORT & COUNSELLING,-28.027543119455203,153.43129842786595,11,2,5.5
QLD,BROADBEACH WATERS,DISABILITIES|HOUSING,-28.026996380138396,153.41491474594727,4,5,0.8
QLD,BROADWATER,HOUSING|SUPPORT & COUNSELLING,-28.661501403146463,151.87434633545908,1,0,0
QLD,BROKEN RIVER,HOUSING|SUPPORT & COUNSELLING,-21.166269011517098,148.5074951375438,2,0,0
QLD,BROOKFIELD,DISABILITIES|HEALTH|HOUSING|MENTAL HEALTH,-27.483487656934336,152.9034848180416,0,3,0
QLD,BROOWEENA,FAMILY VIOLENCE|HOUSING|LAW,-25.576050733679097,152.2579269413023,2,0,0
QLD,BROWNS PLAINS,DISABILITIES|HEALTH|HOUSING|SUPPORT & COUNSELLING,-27.66221509096588,153.05411016950256,40,3,13.333333333333334
QLD,BUCASIA,HOUSING,-21.035118514495313,149.1492673398015,2,0,0
QLD,BUCCA,HOUSING,-24.862129787909872,152.10220823995346,2,0,0
QLD,BUCCAN,HOUSING,-27.740166268195086,153.13840180303575,2,0,0
QLD,BUDDINA,HEALTH|HOUSING|LAW|MENTAL HEALTH|SUPPORT & COUNSELLING,-26.695498996468196,153.13263687418333,6,1,6
QLD,BUDERIM,HOUSING,-26.68641250593306,153.0631443301383,7,18,0.3888888888888889
QLD,BULIMBA,DISABILITIES|HOUSING|MENTAL HEALTH,-27.447956343280485,153.0592092497882,1,3,0.3333333333333333
QLD,BULLCAMP,HOUSING,-26.611411538815197,152.09588197452564,22,0,0
QLD,BUNDABERG CENTRAL,FAMILY VIOLENCE|HOUSING|LAW,-24.8722385,152.3500632,27,0,0
QLD,BUNDABERG EAST,DISABILITIES|HEALTH|HOUSING|MENTAL HEALTH,-24.8623824,152.3694962,15,0,0
QLD,BUNDABERG NORTH,DISABILITIES|HOUSING|SUPPORT & COUNSELLING,-24.848379552066493,152.3438022896908,70,54,1.2962962962962963
QLD,BUNDABERG SOUTH,HOUSING|SUPPORT & COUNSELLING,-24.873867241364646,152.35661473770017,4,0,0
QLD,BUNDABERG WEST,DISABILITIES|HEALTH|HOUSING|MENTAL HEALTH,-24.87232173386864,152.3379291529741,7,0,0
QLD,BUNDALL,FAMILY VIOLENCE|HOUSING|LAW|SUPPORT & COUNSELLING,-28.011045976284368,153.40488090482617,296,1,296
QLD,BUNDAMBA,HOUSING,-27.600853492603807,152.81016183076065,21,5,4.2
QLD,BUNGALOW,HOUSING,-16.937297955981002,145.75690632304295,1,18,0.05555555555555555
QLD,BUNGEWORGORAI,DISABILITIES|HEALTH|HOUSING|MENTAL HEALTH,-26.464493993674807,148.61067325390133,15,0,0
QLD,BUNJURGEN,HOUSING,-28.040947106779015,152.61738091938923,8,0,0
QLD,BUNYA MOUNTAINS,HOUSING,-26.880057557834423,151.56550590755114,0,1,0
QLD,BURDELL,DISABILITIES|HEALTH|HOUSING|MENTAL HEALTH,-19.232410303967896,146.6982528556324,10,0,0
QLD,BURLEIGH,FAMILY VIOLENCE|HOUSING|LAW,-20.274075562351058,143.04733829013998,2,0,0
QLD,BURLEIGH HEADS,HOUSING,-28.10498831092603,153.4330180527617,103,6,17.166666666666668
QLD,BURLEIGH WATERS,HOUSING,-28.087331133299752,153.43220255024815,5,3,1.6666666666666667
QLD,BURNSIDE,DISABILITIES|HEALTH|HOUSING|MENTAL HEALTH|SUPPORT & COUNSELLING,-26.630388381687343,152.93573647979926,0,5,0
QLD,BURPENGARY,HOUSING,-27.15853298037588,152.95833974892204,25,9,2.7777777777777777
QLD,BURPENGARY EAST,HOUSING,-27.14126334023497,153.00420780120479,46,1,46
QLD,BURTON,HOUSING,-21.6332996530192,148.11525927922327,3,0,0
QLD,CABARLAH,HOUSING,-27.436598327847417,151.9939618965664,2,0,0
QLD,CABOOLTURE,FAMILY VIOLENCE|HOUSING|LAW|SUPPORT & COUNSELLING,-27.0623756613464,152.97496296117097,228,39,5.846153846153846
QLD,CABOOLTURE SOUTH,FOOD|HOUSING,-27.09385578580196,152.9487353723917,32,2,16
QLD,CAIRNS CITY,HEALTH|HOUSING|SUPPORT & COUNSELLING,-16.918552077116697,145.77805341273555,29,9,3.2222222222222223
QLD,CAIRNS NORTH,HOUSING|SUPPORT & COUNSELLING,-16.903241063543685,145.76642328879964,236,42,5.619047619047619
QLD,CALAMVALE,HOUSING|SUPPORT & COUNSELLING,-27.62258157962418,153.0482139347185,16,0,0
QLD,CALLIOPE,HOUSING,-24.033925007683116,151.18750320659476,2,0,0
QLD,CALOUNDRA,HOUSING,-26.798328741861575,153.12752403619055,145,16,9.0625
QLD,CALOUNDRA WEST,HOUSING,-26.802835007257837,153.1023824626371,4,0,0
QLD,CALVERT,FAMILY VIOLENCE|HOUSING|LAW,-27.671260296750805,152.5096430283561,1,0,0
QLD,CAMIRA,HOUSING,-27.63456545790584,152.92090908198412,1,0,0
QLD,CAMP HILL,HOUSING|LAW|SUPPORT & COUNSELLING,-27.495790629251104,153.07784709573727,60,2,30
QLD,CAMP MOUNTAIN,DISABILITIES|HEALTH|HOUSING|MENTAL HEALTH,-27.399971871983016,152.8788793859027,3,0,0
QLD,CANNON HILL,DISABILITIES|HOUSING|SUPPORT & COUNSELLING,-27.472363865998712,153.09494654811598,14,2,7
QLD,CANNONVALE,EMPLOYMENT|HEALTH|HOUSING|LAW,-20.283423369804535,148.6904093458517,11,3,3.6666666666666665
QLD,CANUNGRA,HOUSING,-28.038062720399644,153.1367789636519,4,0,0
QLD,CAPALABA,FOOD|HEALTH|HOUSING|SUPPORT & COUNSELLING,-27.543348242106944,153.202867872719,133,10,13.3
QLD,CAPELLA,HOUSING,-23.083392346915417,148.02267002301068,0,2,0
QLD,CARAVONICA,HOUSING,-16.860051064289976,145.6829295346894,20,0,0
QLD,CARBROOK,DISABILITIES|HOUSING,-27.673878949412146,153.25625242700343,22,4,5.5
QLD,CARDWELL,HOUSING,-18.271263662378864,146.0184688613383,0,3,0
QLD,CARINA,HOUSING|SUPPORT & COUNSELLING,-27.487789833364378,153.09900272802744,51,4,12.75
QLD,CARINA HEIGHTS,HOUSING,-27.507446223329797,153.09109132060405,8,0,0
QLD,CARINDALE,HOUSING,-27.511541824358854,153.1129818957338,7,3,2.3333333333333335
QLD,CARMILA,FAMILY VIOLENCE|HOUSING|LAW,-21.872285237257717,149.36815176235734,2,0,0
QLD,CARNARVON PARK,HOUSING,-24.838800618733725,147.73570594858145,1,0,0
QLD,CARRARA,DISABILITIES|FAMILY VIOLENCE|HEALTH|HOUSING|LAW|MENTAL HEALTH,-28.02058092100596,153.36635803538724,20,0,0
QLD,CARSELDINE,DISABILITIES|HEALTH|HOUSING|MENTAL HEALTH|SUPPORT & COUNSELLING,-27.346248247780277,153.01604674139028,106,6,17.666666666666668
QLD,CAWARRAL,HOUSING|SUPPORT & COUNSELLING,-23.251344699016933,150.6709754542101,1,0,0
QLD,CECIL PLAINS,DISABILITIES|HOUSING|SUPPORT & COUNSELLING,-27.527267237005752,151.17238368987356,0,4,0
QLD,CEDAR VALE,HOUSING|SUPPORT & COUNSELLING,-27.88073137289607,153.01759718478658,5,0,0
QLD,CENTENARY HEIGHTS,DISABILITIES|HOUSING,-27.586810547337542,151.96249258636075,10,0,0
QLD,CHAMBERS FLAT,HOUSING,-27.74787930972421,153.078464751847,1,0,0
QLD,CHANDLER,DISABILITIES|HOUSING,-27.515000093694333,153.16841457714955,2,1,2
QLD,CHAPEL HILL,DISABILITIES|HEALTH|HOUSING|MENTAL HEALTH,-27.498684304872388,152.94875139909337,1,0,0
QLD,CHARLEVILLE,DISABILITIES|EMPLOYMENT|HEALTH|HOUSING|SUPPORT & COUNSELLING,-26.39543068029607,146.29614116119714,4,10,0.4
QLD,CHARTERS TOWERS CITY,HOUSING,-20.07696391840534,146.26013646621524,12,16,0.75
QLD,CHELMER,DISABILITIES|HEALTH|HOUSING,-27.512843816014033,152.9752684285941,0,2,0
QLD,CHERBOURG,HOUSING|SUPPORT & COUNSELLING,-26.288899096348214,151.93574734493774,1,3,0.3333333333333333
QLD,CHERMSIDE,HEALTH|HOUSING|LAW|SUPPORT & COUNSELLING,-27.38514445776908,153.03231303237612,272,28,9.714285714285714
QLD,CHERMSIDE WEST,DISABILITIES|HOUSING,-27.383699105925306,153.0124388103718,2,3,0.6666666666666666
QLD,CHILDERS,EMPLOYMENT|HEALTH|HOUSING|LAW,-25.238567242436183,152.2657829136322,0,8,0
QLD,CHILLAGOE,HOUSING,-17.103048688946537,144.65437994714944,3,0,0
QLD,CHINCHILLA,HOUSING,-26.75544828023059,150.6283975091426,18,7,2.5714285714285716
QLD,CHIRNSIDE,HOUSING,-23.15575948427671,148.07638911696213,1,0,0
QLD,CHURCHABLE,FAMILY VIOLENCE|HOUSING|LAW,-27.4151655,152.3427647,2,0,0
QLD,CHURCHILL,HOUSING,-27.637682197402704,152.75036541129015,1,0,0
QLD,CLAYFIELD,DISABILITIES|HEALTH|HOUSING|MENTAL HEALTH,-27.419354242093487,153.05412917528696,67,4,16.75
QLD,CLEAR ISLAND WATERS,HOUSING|SUPPORT & COUNSELLING,-28.041972039427677,153.3971917168417,68,2,34
QLD,CLERMONT,HOUSING,-22.71924069439284,147.43776206824694,4,6,0.6666666666666666
QLD,CLEVELAND,DISABILITIES|HEALTH|HOUSING|MENTAL HEALTH,-27.529836253173755,153.27161090429254,82,17,4.823529411764706
QLD,CLIFTON,HOUSING|SUPPORT & COUNSELLING,-27.93753437357174,151.91676078144013,3,5,0.6
QLD,CLIFTON BEACH,HOUSING,-16.7681779,145.6717585,1,0,0
QLD,CLONCURRY,HOUSING,-20.52503886309054,140.44754380277766,12,7,1.7142857142857142
QLD,CLONTARF,HOUSING,-27.2441293608666,153.07705646936415,109,5,21.8
QLD,COALFALLS,DISABILITIES|HEALTH|HOUSING|MENTAL HEALTH,-27.60636982249249,152.74344831405773,412,0,0
QLD,COEN,HOUSING,-13.766624524197143,143.28019772556706,4,0,0
QLD,COES CREEK,HOUSING,-26.6441914,152.9457628,1,0,0
QLD,COLEYVILLE,DISABILITIES|HEALTH|HOUSING|MENTAL HEALTH,-27.798051131528013,152.5845814552415,5,0,0
QLD,COLLINGWOOD PARK,HOUSING,-27.622166939537234,152.8552458209376,22,0,0
QLD,COLLINSVILLE,HOUSING|SUPPORT & COUNSELLING,-20.55235154728393,147.8262258512492,0,8,0
QLD,CONDON,DISABILITIES|HOUSING,-19.329665907601917,146.716555054255,53,4,13.25
QLD,COOKTOWN,HOUSING,-15.36679197447975,144.98592978869235,4,2,2
QLD,COOLABUNIA,HOUSING,-26.5939221924979,151.88932196767797,1,0,0
QLD,COOLANGATTA,DISABILITIES|FOOD|HOUSING|SUPPORT & COUNSELLING,-28.16997137936837,153.53332930588343,32,18,1.7777777777777777
QLD,COOLOOLA COVE,HOUSING,-25.964546802204403,152.9862143090495,7,0,0
QLD,COOLOOLABIN,HOUSING,-26.539267035342622,152.89949169582013,138,0,0
QLD,COOLUM BEACH,HOUSING,-26.530569767431277,153.06952174983653,22,6,3.6666666666666665
QLD,COOMBABAH,HOUSING,-27.90975847008016,153.36973378992107,21,1,21
QLD,COOMERA,HOUSING|LAW|SUPPORT & COUNSELLING,-27.8469645257323,153.33949349515282,228,1,228
QLD,COOPERS PLAINS,DISABILITIES|HOUSING|SUPPORT & COUNSELLING,-27.566148346513913,153.0368844349281,0,4,0
QLD,COOROIBAH,HOUSING,-26.359011499999998,153.0120307,3,0,0
QLD,COOROY,HOUSING,-26.42923050897386,152.90165807084858,8,9,0.8888888888888888
QLD,COORPAROO,ALCOHOL & OTHER DRUGS|FAMILY VIOLENCE|HEALTH|HOUSING|LAW|SUPPORT & COUNSELLING,-27.499082427243334,153.0615341593055,52,5,10.4
QLD,COOYA BEACH,HOUSING,-16.444265378724307,145.42141947102112,2,0,0
QLD,CORINDA,DISABILITIES|HEALTH|HOUSING|MENTAL HEALTH,-27.54356511918189,152.98235919750107,2,2,1
QLD,CORNUBIA,DISABILITIES|HEALTH|HOUSING|MENTAL HEALTH,-27.660221891166223,153.2116236159372,3,0,0
QLD,CRANBROOK,DISABILITIES|HOUSING,-19.30555936360622,146.7528094237544,84,1,84
QLD,CRESTMEAD,DISABILITIES|HEALTH|HOUSING|MENTAL HEALTH,-27.68803518671353,153.09898767328272,44,0,0
QLD,CROSSDALE,HOUSING|SUPPORT & COUNSELLING,-27.149132181847122,152.57734943756464,5,0,0
QLD,CROWS NEST,DISABILITIES|HEALTH|HOUSING|MENTAL HEALTH|SUPPORT & COUNSELLING,-27.256427896168805,152.07472008020758,8,3,2.6666666666666665
QLD,CUNNAMULLA,DISABILITIES|HOUSING,-28.06018295041944,145.71170234317745,3,6,0.5
QLD,CURRAJONG,HOUSING|SUPPORT & COUNSELLING,-19.275548490441214,146.7795132313922,2,6,0.3333333333333333
QLD,CURRIMUNDI,DISABILITIES|HEALTH|HOUSING|MENTAL HEALTH,-26.769481430240475,153.1225131336687,10,8,1.25
QLD,CURRUMBIN,HOUSING|SUPPORT & COUNSELLING,-28.13664146553945,153.4829373367913,33,0,0
QLD,CURRUMBIN WATERS,DISABILITIES|HOUSING|SUPPORT & COUNSELLING,-28.15414870921681,153.46274190605453,0,5,0
QLD,DAISY HILL,FOOD|HEALTH|HOUSING|SUPPORT & COUNSELLING,-27.63022990984222,153.15772422086746,10,1,10
QLD,DAKABIN,FAMILY VIOLENCE|HOUSING|LAW,-27.222787787124755,152.98512103273876,13,0,0
QLD,DALBY,DISABILITIES|HOUSING|MENTAL HEALTH,-27.153528768832153,151.26172278123784,44,11,4
QLD,DALWOGON,HOUSING,-26.57325709332264,150.0870043846627,4,0,0
QLD,DARLING HEIGHTS,HOUSING,-27.5916673,151.9287133,3,0,0
QLD,DARRA,DISABILITIES|HEALTH|HOUSING|MENTAL HEALTH|SUPPORT & COUNSELLING,-27.568290514876228,152.95250530443766,26,5,5.2
QLD,DAYBORO,HOUSING|SUPPORT & COUNSELLING,-27.2016318801419,152.82306966598085,2,0,0
QLD,DEAGON,DISABILITIES|HOUSING|SUPPORT & COUNSELLING,-27.327814662147663,153.05885684768688,4,3,1.3333333333333333
QLD,DECEPTION BAY,HOUSING|SUPPORT & COUNSELLING,-27.182912005900217,153.01606121835115,193,8,24.125
QLD,DEEBING HEIGHTS,DISABILITIES|HEALTH|HOUSING|MENTAL HEALTH,-27.673205430457227,152.74774037861278,3,0,0
QLD,DEERAGUN,HOUSING,-19.250658206496556,146.66854406342676,1,0,0
QLD,DEGARRA,HOUSING,-15.943423912870685,145.34226528583466,4,0,0
QLD,DEPOT HILL,HOUSING|SUPPORT & COUNSELLING,-23.393586020402683,150.51935432942852,1,0,0
QLD,DIAMOND VALLEY,HOUSING,-26.75536538203317,152.9303443109695,1,0,0
QLD,DICKY BEACH,HOUSING,-26.783987475009994,153.13506036203844,1,5,0.2
QLD,DIDDILLIBAH,FAMILY VIOLENCE|HOUSING|LAW,-26.64517152194814,153.02525888683155,5,0,0
QLD,DIMBULAH,EMPLOYMENT|HEALTH|HOUSING|LAW,-17.185576809881432,145.06253876866148,0,1,0
QLD,DINMORE,HOUSING,-27.59652855057871,152.83311712231693,18,0,0
QLD,DIRRANBANDI,DISABILITIES|HEALTH|HOUSING|SUPPORT & COUNSELLING,-28.587950004224208,148.0423212012607,2,1,2
QLD,DOLPHIN HEADS,HOUSING,-21.04043218194042,149.1841155762749,205,0,0
QLD,DOOLANDELLA,HOUSING|SUPPORT & COUNSELLING,-27.613196522611805,152.98561235485408,1,0,0
QLD,DOOLBI,HOUSING,-25.230034814265704,152.30217320934096,13,0,0
QLD,DOOMADGEE,HOUSING|SUPPORT & COUNSELLING,-17.710168905524625,138.7437795776389,6,4,1.5
QLD,DOONAN,HOUSING,-26.45010906514646,153.01385628151777,12,0,0
QLD,DOUGLAS,DISABILITIES|HEALTH|HOUSING|MENTAL HEALTH,-19.325272962277147,146.75113135198018,1,2,0.5
QLD,DRAYTON,HOUSING,-27.599966965571344,151.9013386786902,6,1,6
QLD,DREWVALE,DISABILITIES|FAMILY VIOLENCE|HEALTH|HOUSING|LAW|MENTAL HEALTH,-27.647734166752745,153.05479185760265,7,0,0
QLD,DUARINGA,HOUSING,-23.684383016531683,149.679318228169,1,1,1
QLD,DUNDOWRAN,HOUSING,-25.295145314708435,152.7736055046909,154,1,154
QLD,DUNWICH,HOUSING,-27.497368439212213,153.4055584413727,1,4,0.25
QLD,DURACK,DISABILITIES|HEALTH|HOUSING|MENTAL HEALTH,-27.58951868490434,152.98612836497318,194,4,48.5
QLD,DUTTON PARK,HEALTH|HOUSING|MENTAL HEALTH|SUPPORT & COUNSELLING,-27.495464486152198,153.0258445126328,1,1,1
QLD,DUTTON RIVER,HOUSING,-20.473206484078734,143.8523447127081,4,0,0
QLD,DYSART,FAMILY VIOLENCE|HOUSING|LAW|SUPPORT & COUNSELLING,-22.56063780550471,148.3454606726706,12,7,1.7142857142857142
QLD,EAGLE FARM,HOUSING,-27.43668531166918,153.0902706872435,1,0,0
QLD,EAGLEBY,DISABILITIES|HEALTH|HOUSING|MENTAL HEALTH,-27.698552683356944,153.21920187829068,17,3,5.666666666666667
QLD,EARLVILLE,HOUSING,-16.94716107945264,145.73154106233676,5,5,1
QLD,EAST BRISBANE,HOUSING,-27.483341528136766,153.04672090628756,33,2,16.5
QLD,EAST IPSWICH,HOUSING|SUPPORT & COUNSELLING,-27.607752611332476,152.77643887034085,1,0,0
QLD,EAST MACKAY,HOUSING,-21.15195731884497,149.19965723556325,2,1,2
QLD,EAST TOOWOOMBA,HEALTH|HOUSING,-27.562410068971104,151.96837300481673,3,3,1
QLD,EASTERN HEIGHTS,HEALTH|HOUSING|SUPPORT & COUNSELLING,-27.626384707078817,152.7741915076185,2,7,0.2857142857142857
QLD,EATONS HILL,FAMILY VIOLENCE|HOUSING|LAW,-27.339978250541073,152.93736974507553,30,0,0
QLD,EBENEZER,DISABILITIES|HEALTH|HOUSING|MENTAL HEALTH,-27.68062570670366,152.6167678866192,1,0,0
QLD,EDENS LANDING,DISABILITIES|HOUSING|SUPPORT & COUNSELLING,-27.702893333600763,153.16859637452387,10,3,3.3333333333333335
QLD,EDGE HILL,HOUSING|SUPPORT & COUNSELLING,-16.90076182082036,145.7427488497806,2,0,0
QLD,EDMONTON,HOUSING|SUPPORT & COUNSELLING,-17.017950511826694,145.74055792256283,6,3,2
QLD,EERWAH VALE,FAMILY VIOLENCE|HOUSING|LAW,-26.475684908332482,152.9121992104522,1,0,0
QLD,EIDSVOLD,DISABILITIES|HOUSING|SUPPORT & COUNSELLING,-25.36813623525443,151.05019481563912,0,4,0
QLD,EIGHT MILE PLAINS,HOUSING,-27.579787633248436,153.0926802719967,20,13,1.5384615384615385
QLD,ELAMAN CREEK,DISABILITIES|HEALTH|HOUSING|MENTAL HEALTH,-26.720404440784,152.7787827693017,11,0,0
QLD,ELANORA,HOUSING,-28.135867138552303,153.44916225022664,13,7,1.8571428571428572
QLD,ELI WATERS,HOUSING,-25.273658709967965,152.80308443605566,4,1,4
QLD,ELIMBAH,DISABILITIES|HEALTH|HOUSING|MENTAL HEALTH,-27.00003982463624,152.96084794802317,1,0,0
QLD,ELLEN GROVE,HOUSING,-27.615353967464095,152.94390721013139,24,4,6
QLD,ELLESMERE,HOUSING,-26.750650275213374,151.74178099995063,1,0,0
QLD,ELLIOTT HEADS,HOUSING,-24.90931065166827,152.47642485533987,1,0,0
QLD,EMERALD,DISABILITIES|HEALTH|HOUSING|MENTAL HEALTH|SUPPORT & COUNSELLING,-23.51760899942336,148.18189158859522,70,21,3.3333333333333335
QLD,EMU PARK,DISABILITIES|HOUSING|SUPPORT & COUNSELLING,-23.248644469311856,150.81673074696633,5,4,1.25
QLD,ENOGGERA,HOUSING,-27.428394004479888,152.97381575263216,15,2,7.5
QLD,ENOGGERA RESERVOIR,FAMILY VIOLENCE|HOUSING|LAW,-27.433384628655975,152.8706785599225,5,0,0
QLD,ESK,DISABILITIES|HOUSING|SUPPORT & COUNSELLING,-27.259244887366208,152.42037451900876,9,2,4.5
QLD,EUDLO,HOUSING,-26.73023597296706,152.93906899532547,3,0,0
QLD,EVERTON HILLS,HOUSING,-27.38895307858566,152.9717494067044,111,0,0
QLD,EVERTON PARK,HEALTH|HOUSING|SUPPORT & COUNSELLING,-27.400371618822113,152.98766732693804,26,1,26
QLD,FAIRFIELD,HOUSING,-27.50667255257439,153.02333896648386,1,0,0
QLD,FAIRYLAND,HOUSING|SUPPORT & COUNSELLING,-26.521993353199868,150.93344586375093,24,0,0
QLD,FELTON SOUTH,HOUSING,-27.872916823270344,151.70487632954917,1,0,0
QLD,FERNVALE,DISABILITIES|HOUSING|SUPPORT & COUNSELLING,-27.459542650754305,152.66374212636626,2,4,0.5
QLD,FERNY GROVE,FAMILY VIOLENCE|HOUSING|LAW,-27.40344869795107,152.92750558385055,5,0,0
QLD,FERNY HILLS,HOUSING,-27.391188491852756,152.92402171825248,3,3,1
QLD,FITZGIBBON,HOUSING|SUPPORT & COUNSELLING,-27.33878455945407,153.03181621937705,41,0,0
QLD,FLAMETREE,HOUSING,-20.269298960956544,148.74878871092335,42,0,0
QLD,FLINDERS VIEW,DISABILITIES|HEALTH|HOUSING|MENTAL HEALTH,-27.651325186002182,152.77537256377641,1,1,1
QLD,FLYING FISH POINT,HOUSING,-17.495920491339277,146.08097422856193,0,1,0
QLD,FOREST GLEN,FAMILY VIOLENCE|HOUSING|LAW,-26.676416763611904,153.01280546457258,52,0,0
QLD,FOREST LAKE,HOUSING,-27.62167514877255,152.96335736463521,59,1,59
QLD,FORESTDALE,FAMILY VIOLENCE|HOUSING|LAW,-27.663355827747566,153.0038831633848,75,0,0
QLD,FORTITUDE VALLEY,HEALTH|HOUSING|LAW|SUPPORT & COUNSELLING,-27.456790973028166,153.03559792495676,150,39,3.8461538461538463
QLD,FRENCHVILLE,HOUSING,-23.3437534,150.5353555,2,0,0
QLD,GAILES,HOUSING,-27.611553959524535,152.9133656099876,25,0,0
QLD,GARBUTT,ALCOHOL & OTHER DRUGS|EMPLOYMENT|HEALTH|HOUSING|SUPPORT & COUNSELLING,-19.258718800985157,146.76633348807144,16,3,5.333333333333333
QLD,GATTON,HOUSING,-27.563580768923323,152.2799998226197,23,10,2.3
QLD,GAYNDAH,HOUSING,-25.620404930146798,151.63627031178456,0,7,0
QLD,GAYTHORNE,ALCOHOL & OTHER DRUGS|HEALTH|HOUSING,-27.416606448948418,152.98172377035206,45,1,45
QLD,GEEBUNG,HOUSING|SUPPORT & COUNSELLING,-27.372065393150613,153.0481815130144,4,0,0
QLD,GEHAM,HOUSING,-27.4166687,151.9932634,1,0,0
QLD,GILSTON,FAMILY VIOLENCE|HOUSING|LAW,-28.029583391865977,153.30467776814115,146,0,0
QLD,GIN GIN,DISABILITIES|HOUSING|SUPPORT & COUNSELLING,-24.97789202206197,151.94666444749154,0,4,0
QLD,GLADFIELD,HOUSING,-28.07213576806587,152.20415118008833,5,0,0
QLD,GLADSTONE CENTRAL,DISABILITIES|HOUSING|SUPPORT & COUNSELLING,-23.842648708190822,151.24886079444508,64,31,2.064516129032258
QLD,GLADSTONE HARBOUR,FAMILY VIOLENCE|HOUSING|LAW,-23.81461022090222,151.32235649736813,2,0,0
QLD,GLASS HOUSE MOUNTAINS,DISABILITIES|HOUSING,-26.905229499281866,152.93781604687064,8,2,4
QLD,GLEBE,HOUSING,-25.5427641836257,150.1589328038591,1,0,0
QLD,GLEN CAIRN,HOUSING|SUPPORT & COUNSELLING,-27.615485060831052,152.32457840486404,2,0,0
QLD,GLENELLA,DISABILITIES|HOUSING,-21.112898016869273,149.13753443349069,0,3,0
QLD,GLENGALLAN,HOUSING,-28.106368250384765,152.06478572064032,4,0,0
QLD,GLENLEE,HOUSING,-23.286129706718736,150.46888936190663,1,0,0
QLD,GLENORCHY,HOUSING,-25.617522147802774,152.64248459110533,63,0,0
QLD,GLENORE GROVE,DISABILITIES|HEALTH|HOUSING|MENTAL HEALTH,-27.52321028029228,152.4087814482973,1,0,0
QLD,GLENVALE,HEALTH|HOUSING,-27.56643053839203,151.89260205240754,0,1,0
QLD,GLENVIEW,HOUSING,-26.76895164693641,153.02115850628576,9,0,0
QLD,GLENWOOD,HOUSING|SUPPORT & COUNSELLING,-25.92995878389247,152.63019876425122,4,0,0
QLD,GOLDEN BEACH,HOUSING,-26.822896973608408,153.11867326184094,207,1,207
QLD,GOLDSBOROUGH,HOUSING,-17.195582070596675,145.74325068640843,1,0,0
QLD,GOODNA,EMPLOYMENT|HOUSING|SUPPORT & COUNSELLING,-27.611170465773597,152.89298807660947,318,2,159
QLD,GOOMBUNGEE,HOUSING,-27.305091480653655,151.84597636435902,4,0,0
QLD,GOONDIWINDI,HOUSING|LAW,-28.397979794302135,150.35716577543627,7,10,0.7
QLD,GORANBA,HOUSING,-27.275421987798197,150.6294462127867,1,0,0
QLD,GORDON PARK,DISABILITIES|HOUSING|SUPPORT & COUNSELLING,-27.41654917703509,153.02756022662405,48,3,16
QLD,GORDONVALE,HOUSING|SUPPORT & COUNSELLING,-17.083364479623302,145.79615211621785,1,3,0.3333333333333333
QLD,GRACEMERE,DISABILITIES|HEALTH|HOUSING|MENTAL HEALTH,-23.455627483525078,150.45296914258623,10,3,3.3333333333333335
QLD,GRACEVILLE,HOUSING,-27.52170427285997,152.9821250983465,6,3,2
QLD,GRANVILLE,DISABILITIES|HOUSING|SUPPORT & COUNSELLING,-25.538811349725105,152.73016089517412,1,2,0.5
QLD,GRASSTREE BEACH,HOUSING,-21.351450338963236,149.2861580399873,0,1,0
QLD,GREENBANK,DISABILITIES|HEALTH|HOUSING|MENTAL HEALTH,-27.701090616489683,152.95989881219265,20,2,10
QLD,GREENSLOPES,DISABILITIES|HEALTH|HOUSING|MENTAL HEALTH,-27.509302659330377,153.04793441023742,26,4,6.5
QLD,GREENVALE,DISABILITIES|FAMILY VIOLENCE|HEALTH|HOUSING|LAW|MENTAL HEALTH,-18.999730111133932,145.0161648130146,1,0,0
QLD,GREGORY RIVER,HOUSING,-20.2496907355973,148.5022561437237,14,0,0
QLD,GRIFFIN,HOUSING,-27.2680358,153.0219589,14,0,0
QLD,GROPER CREEK,HOUSING,-19.697024203080375,147.56311594871394,5,0,0
QLD,GULLIVER,DISABILITIES|FOOD|HEALTH|HOUSING|SUPPORT & COUNSELLING,-19.285052730977714,146.77573929566594,2,6,0.3333333333333333
QLD,GUMDALE,HOUSING,-27.495898628147405,153.15719594467902,4,0,0
QLD,GUMLU,HOUSING,-19.90079543650948,147.5916794967178,0,1,0
QLD,GUNDIAH,HOUSING,-25.836451882359412,152.5211898469352,1,0,0
QLD,GYMPIE,HOUSING,-26.183331644340413,152.66583208945153,88,29,3.0344827586206895
QLD,HAIGSLEA,DISABILITIES|HOUSING,-27.568748149724815,152.6227125090755,2,0,0
QLD,HAMILTON,DISABILITIES|HEALTH|HOUSING|MENTAL HEALTH|SUPPORT & COUNSELLING,-27.439347949417524,153.06831091132287,3,3,1
QLD,HARLAXTON,FOOD|HOUSING,-27.53128018097559,151.95457099587745,2,1,2
QLD,HARRISTOWN,DISABILITIES|HEALTH|HOUSING|MENTAL HEALTH,-27.577887788337097,151.92650867212265,5,0,0
QLD,HAWTHORNE,HOUSING|SUPPORT & COUNSELLING,-27.463762920770694,153.05867628050487,4,0,0
QLD,HEATHWOOD,HOUSING,-27.639860779613308,152.98839700205434,1,0,0
QLD,HEATLEY,HOUSING,-19.290363652598174,146.75356270981814,1,1,1
QLD,HELENSVALE,HOUSING,-27.90104723282879,153.33832775671308,60,4,15
QLD,HELIDON,HOUSING|SUPPORT & COUNSELLING,-27.5552033,152.125198,3,0,0
QLD,HEMMANT,HOUSING,-27.446750846096744,153.13128723566408,5,0,0
QLD,HENDON,HOUSING|SUPPORT & COUNSELLING,-28.073974455502746,151.9622402884468,2,0,0
QLD,HENDRA,HOUSING,-27.4195996,153.0645757,2,0,0
QLD,HERBERTON,DISABILITIES|HEALTH|HOUSING,-17.391470289776453,145.38417681773262,3,2,1.5
QLD,HERITAGE PARK,DISABILITIES|HEALTH|HOUSING|MENTAL HEALTH,-27.68939155532903,153.05399259770505,9,0,0
QLD,HERMIT PARK,ALCOHOL & OTHER DRUGS|HEALTH|HOUSING|LAW|SUPPORT & COUNSELLING,-19.283053941508463,146.8037010996041,1,1,1
QLD,HERSTON,HEALTH|HOUSING|MENTAL HEALTH|SUPPORT & COUNSELLING,-27.448437119059385,153.02195975653083,189,5,37.8
QLD,HIDDEN VALLEY,HOUSING,-23.1434023,150.7334297,4,0,0
QLD,HIGHFIELDS,HOUSING,-27.464749430162698,151.94772598649777,1,1,1
QLD,HIGHGATE HILL,DISABILITIES|HEALTH|HOUSING|MENTAL HEALTH,-27.48767750903565,153.01728036242565,26,5,5.2
QLD,HIGHLAND PARK,HOUSING,-28.019916799999997,153.3272064,2,0,0
QLD,HILLCREST,DISABILITIES|HEALTH|HOUSING|MENTAL HEALTH,-27.668386353085012,153.02637817925856,11,3,3.6666666666666665
QLD,HOLLAND PARK,DISABILITIES|HOUSING|SUPPORT & COUNSELLING,-27.518780044202085,153.0708051301587,22,2,11
QLD,HOLLAND PARK WEST,HOUSING,-27.526637714778463,153.06103234516996,78,0,0
QLD,HOLLOWAYS BEACH,HOUSING,-16.840436874326457,145.7339086432484,5,0,0
QLD,HOLMVIEW,HOUSING|SUPPORT & COUNSELLING,-27.7154901,153.162378,17,0,0
QLD,HOME HILL,HOUSING|SUPPORT & COUNSELLING,-19.660952231891383,147.4137974565779,5,2,2.5
QLD,HOPE ISLAND,DISABILITIES|HOUSING|SUPPORT & COUNSELLING,-27.868173305946346,153.35992876082312,1,6,0.16666666666666666
QLD,HOPE VALE,HOUSING|SUPPORT & COUNSELLING,-15.157863031501359,145.24718403900545,0,2,0
QLD,HOWARD,HOUSING|SUPPORT & COUNSELLING,-25.331723878388335,152.54202110269094,6,0,0
QLD,HYDE PARK,HOUSING|SUPPORT & COUNSELLING,-19.276770904334875,146.7965129892594,3,0,0
QLD,IBIS,FAMILY VIOLENCE|HOUSING|LAW,-23.081795650811323,145.0649304004905,2,0,0
QLD,INALA,HOUSING|SUPPORT & COUNSELLING,-27.594558306467757,152.97120893606115,151,12,12.583333333333334
QLD,INDOOROOPILLY,DISABILITIES|HEALTH|HOUSING|MENTAL HEALTH,-27.507341082561137,152.97980748024833,47,3,15.666666666666666
QLD,INGHAM,DISABILITIES|HEALTH|HOUSING|MENTAL HEALTH,-18.655401668892928,146.15358033136536,5,14,0.35714285714285715
QLD,INGLEWOOD,HEALTH|HOUSING,-28.38911637955836,151.06415422006143,6,7,0.8571428571428571
QLD,INJINOO,HOUSING,-11.036425073078346,142.2592987316151,1,0,0
QLD,INJUNE,DISABILITIES|HOUSING|SUPPORT & COUNSELLING,-25.855357411292275,148.55463872257354,0,1,0
QLD,INNISFAIL,HOUSING,-17.522625658422495,146.02852502418736,13,22,0.5909090909090909
QLD,IPSWICH,HOUSING|SUPPORT & COUNSELLING,-27.62285541829561,152.76033137464,395,35,11.285714285714286
QLD,IREDALE,HOUSING|SUPPORT & COUNSELLING,-27.5812461127241,152.10584836289473,2,0,0
QLD,IRONPOT,HOUSING|SUPPORT & COUNSELLING,-26.59672206208008,151.44452133975102,53,0,0
QLD,IVERAGH,HOUSING,-24.123256108002316,151.37499014024112,127,0,0
QLD,JAGGAN,HOUSING,-17.411306171149935,145.57629515840878,2,0,0
QLD,JAMBOREE HEIGHTS,HOUSING|SUPPORT & COUNSELLING,-27.556300057618493,152.93406551139535,5,0,0
QLD,JANDOWAE,HOUSING|SUPPORT & COUNSELLING,-26.736250084629443,151.16776441682381,0,7,0
QLD,JIMBOOMBA,HOUSING,-27.834176177465295,153.04444768098384,30,0,0
QLD,JINDALEE,DISABILITIES|HEALTH|HOUSING|MENTAL HEALTH,-27.533994961785044,152.93821482558678,4,1,4
QLD,JONDARYAN,HOUSING,-27.39821480337127,151.5869502641935,2,0,0
QLD,JULATTEN,HOUSING,-16.5861792383361,145.37629826193438,0,2,0
QLD,JULIA CREEK,HOUSING|SUPPORT & COUNSELLING,-20.66009458531309,141.64813012816995,1,0,0
QLD,KAIRI,HOUSING,-17.215361823666264,145.5421701440752,0,4,0
QLD,KALBAR,HOUSING|SUPPORT & COUNSELLING,-27.937755627138284,152.61224351621289,0,1,0
QLD,KALINGA,HOUSING,-27.41001017090581,153.04757257770817,39,0,0
QLD,KALKIE,DISABILITIES|HEALTH|HOUSING,-24.844232047664097,152.38533679346926,1,4,0.25
QLD,KALLANGUR,HOUSING,-27.248109205434893,152.99231527735856,201,6,33.5
QLD,KANGAROO POINT,HEALTH|HOUSING|SUPPORT & COUNSELLING,-27.47543154110678,153.03614133053944,70,4,17.5
QLD,KANIMBLA,HOUSING,-16.921687738728252,145.7221640351164,0,1,0
QLD,KARALEE,DISABILITIES|HOUSING|SUPPORT & COUNSELLING,-27.560896692249614,152.82549075899567,5,1,5
QLD,KARANA DOWNS,HOUSING|SUPPORT & COUNSELLING,-27.542204078793855,152.8190108629043,11,0,0
QLD,KAWANA,HOUSING,-23.3278307,150.5115052,13,0,0
QLD,KAWUNGAN,DISABILITIES|HEALTH|HOUSING|MENTAL HEALTH|SUPPORT & COUNSELLING,-25.305893628281403,152.84590735576842,2,7,0.2857142857142857
QLD,KEARNEYS SPRING,DISABILITIES|HOUSING,-27.60418667013869,151.94252784475873,3,0,0
QLD,KEDRON,HOUSING,-27.403961993438063,153.03076603739336,18,2,9
QLD,KELSO,HOUSING,-19.389744179308956,146.71817923555716,7,0,0
QLD,KELVIN GROVE,HEALTH|HOUSING,-27.449239194999077,153.01203400119843,38,4,9.5
QLD,KENILWORTH,HOUSING,-26.631548872865405,152.65199891123538,1,0,0
QLD,KENMORE,HOUSING|SUPPORT & COUNSELLING,-27.516544648762306,152.9379468361448,14,6,2.3333333333333335
QLD,KENMORE HILLS,HEALTH|HOUSING,-27.494729575311815,152.92783973528503,0,4,0
QLD,KEPERRA,DISABILITIES|HEALTH|HOUSING|SUPPORT & COUNSELLING,-27.414634870477006,152.9510520743473,46,6,7.666666666666667
QLD,KEPNOCK,DISABILITIES|HEALTH|HOUSING|MENTAL HEALTH|SUPPORT & COUNSELLING,-24.87552368261997,152.37599697266015,0,3,0
QLD,KEWARRA BEACH,HOUSING,-16.787173392844327,145.6774904817555,4,0,0
QLD,KILCOY,HOUSING,-26.94229963143381,152.5620060886676,2,7,0.2857142857142857
QLD,KILCUMMIN,HOUSING|SUPPORT & COUNSELLING,-22.31783287860908,147.5584479707756,1,0,0
QLD,KILLARNEY,DISABILITIES|HEALTH|HOUSING,-28.344356476968045,152.29932708347903,0,4,0
QLD,KINGAHAM,HOUSING,-26.540439771712176,152.37776988762081,3,0,0
QLD,KINGAROY,FOOD|HOUSING|SUPPORT & COUNSELLING,-26.530959020720697,151.83996820791805,37,21,1.7619047619047619
QLD,KINGS BEACH,HOUSING|SUPPORT & COUNSELLING,-26.8005829,153.1409407,1,0,0
QLD,KINGSTHORPE,HOUSING,-27.495511664749017,151.7980931476992,6,0,0
QLD,KINGSTON,HOUSING|SUPPORT & COUNSELLING,-27.659502532252898,153.11240444672475,65,1,65
QLD,KINKA BEACH,DISABILITIES|HEALTH|HOUSING|MENTAL HEALTH,-23.218250366577855,150.8015455234162,4,0,0
QLD,KIPPA-RING,DISABILITIES|HEALTH|HOUSING,-27.224153808073364,153.08311481938395,146,10,14.6
QLD,KIRWAN,DISABILITIES|HEALTH|HOUSING,-19.303438527684303,146.725526026884,21,11,1.9090909090909092
QLD,KNAPP CREEK,FAMILY VIOLENCE|HOUSING|LAW,-28.127440430276042,152.8070015284536,42,0,0
QLD,KOONGAL,HOUSING|SUPPORT & COUNSELLING,-23.366858166546272,150.55008690920266,6,0,0
QLD,KOORALBYN,HOUSING|SUPPORT & COUNSELLING,-28.071507506758856,152.82590898496832,6,0,0
QLD,KOWANYAMA,FAMILY VIOLENCE|HOUSING|LAW,-15.322030072224113,141.81003121314163,0,2,0
QLD,KULUIN,HOUSING|SUPPORT & COUNSELLING,-26.657713924128082,153.05659349559136,3,1,3
QLD,KUNDA PARK,HOUSING,-26.66031749934462,153.0374382817281,0,2,0
QLD,KURABY,HOUSING,-27.607204602272926,153.0935656371723,20,0,0
QLD,KURANDA,EMPLOYMENT|HEALTH|HOUSING|LAW,-16.82926157250408,145.60756756158852,0,2,0
QLD,KURIDALA,DISABILITIES|HEALTH|HOUSING|MENTAL HEALTH,-21.094225002728493,140.3833991949346,9,0,0
QLD,KURRIMINE BEACH,HOUSING,-17.75665489301819,146.1325555864753,1,1,1
QLD,KUTTABUL,HOUSING,-21.031601954017592,148.89677361926545,1,0,0
QLD,LABRADOR,DISABILITIES|HEALTH|HOUSING|MENTAL HEALTH,-27.946218663183075,153.39976383296852,376,6,62.666666666666664
QLD,LACEYS CREEK,HOUSING,-27.229442589322414,152.73578265778877,4,0,0
QLD,LAIDLEY,HOUSING|SUPPORT & COUNSELLING,-27.641099088710742,152.41069482110223,25,13,1.9230769230769231
QLD,LAIDLEY CREEK WEST,HOUSING|SUPPORT & COUNSELLING,-27.670478827982418,152.35425542158907,1,0,0
QLD,LAKE MANCHESTER,DISABILITIES|FAMILY VIOLENCE|HEALTH|HOUSING|LAW|MENTAL HEALTH,-27.4348,152.7693,1,0,0
QLD,LAMMERMOOR,HOUSING,-23.1582988206454,150.78102483362488,1,0,0
QLD,LANDERS SHOOT,HOUSING,-26.713755008427704,152.92584512780178,15,0,0
QLD,LANDSBOROUGH,EMPLOYMENT|HEALTH|HOUSING|LAW,-26.806480254658535,152.98931298944186,5,1,5
QLD,LANSKEY,DISABILITIES|HEALTH|HOUSING|MENTAL HEALTH,-20.688192519759635,139.49811661542287,33,0,0
QLD,LAWN HILL,HOUSING,-18.64640686112391,138.54445575229474,1,0,0
QLD,LAWNTON,HOUSING,-27.281734027392982,152.98452053054748,224,4,56
QLD,LEICHHARDT,HOUSING,-27.623132856782494,152.73395487024436,6,0,0
QLD,LEYBURN,HOUSING,-28.021290164013983,151.59449316407793,3,0,0
QLD,LILYDALE,HOUSING,-27.610936668247117,152.1416225182141,1,0,0
QLD,LILYVALE,DISABILITIES|HEALTH|HOUSING|MENTAL HEALTH,-23.151140814064473,148.43711769541892,2,0,0
QLD,LITTLE MOUNTAIN,HOUSING,-26.78437834810785,153.09228376103496,0,4,0
QLD,LLANARTH,HOUSING,-21.321499733954933,146.4617870742462,7,0,0
QLD,LOCKHART RIVER,HOUSING,-13.090120872022025,143.4070798219383,4,0,0
QLD,LOGAN CENTRAL,EMPLOYMENT|FAMILY VIOLENCE|HEALTH|HOUSING|LAW|MENTAL HEALTH|SUPPORT & COUNSELLING,-27.643835663485188,153.1071524358911,217,9,24.11111111111111
QLD,LOGAN RESERVE,HOUSING,-27.71736670790429,153.10725557162831,24,0,0
QLD,LOGAN VILLAGE,HOUSING|SUPPORT & COUNSELLING,-27.7773837,153.1014011,2,0,0
QLD,LOGANHOLME,DISABILITIES|HOUSING,-27.68408443090131,153.18659833596388,80,1,80
QLD,LOGANLEA,DISABILITIES|HOUSING,-27.67677121930872,153.13261564384308,108,0,0
QLD,LONGREACH,DISABILITIES|HOUSING,-23.446131065643467,144.21340701361538,1,13,0.07692307692307693
QLD,LOTA,DISABILITIES|FOOD|HEALTH|HOUSING|MENTAL HEALTH|SUPPORT & COUNSELLING,-27.46815033168248,153.19082283774782,10,1,10
QLD,LOW ISLES,FAMILY VIOLENCE|HOUSING|LAW,-16.38618344027465,145.56538803453708,5,0,0
QLD,LOWER BEECHMONT,HOUSING,-28.0384579,153.2441972,6,0,0
QLD,LOWER MOUNT WALKER,HOUSING,-27.721518802988655,152.53598017560495,13,0,0
QLD,LOWOOD,DISABILITIES|HOUSING|SUPPORT & COUNSELLING,-27.471433796447357,152.57299685185188,23,4,5.75
QLD,LUMEAH,HOUSING|SUPPORT & COUNSELLING,-25.286756925709287,145.672172405104,1,0,0
QLD,LUNDAVRA,HOUSING|SUPPORT & COUNSELLING,-28.064509091031116,150.01639734830098,4,0,0
QLD,LUTWYCHE,DISABILITIES|HOUSING|MENTAL HEALTH,-27.42181811962908,153.03263486795353,13,8,1.625
QLD,LYONS,HOUSING|SUPPORT & COUNSELLING,-27.7612959,152.90653540000002,1,0,0
QLD,LYTTON,HOUSING|SUPPORT & COUNSELLING,-27.422312722140752,153.15063653869026,78,2,39
QLD,MAADI,HOUSING,-17.831511636475472,145.99181970267358,3,0,0
QLD,MACGREGOR,HOUSING,-27.565499813106562,153.07342833507317,69,0,0
QLD,MACKAY,HOUSING,-21.14249496828017,149.1821588836587,218,58,3.7586206896551726
QLD,MACKAY HARBOUR,FAMILY VIOLENCE|HOUSING|LAW,-21.11332841808824,149.21340738501323,3,0,0
QLD,MACKNADE,HOUSING,-18.539126357916714,146.25092423957014,2,0,0
QLD,MACLEAY ISLAND,FOOD|HEALTH|HOUSING|SUPPORT & COUNSELLING,-27.606417815777995,153.36000531876712,2,1,2
QLD,MAIN BEACH,HOUSING,-27.952612515506566,153.4227721521495,2,0,0
QLD,MALANDA,DISABILITIES|HOUSING|SUPPORT & COUNSELLING,-17.375049650175285,145.58753489027038,23,2,11.5
QLD,MALENY,ALCOHOL & OTHER DRUGS|DISABILITIES|HEALTH|HOUSING|MENTAL HEALTH,-26.761756774361395,152.85203013466017,9,6,1.5
QLD,MALPAS-TRENTON,FAMILY VIOLENCE|HOUSING|LAW,-19.921416842111448,142.15797057371634,5,0,0
QLD,MANGO HILL,FAMILY VIOLENCE|HOUSING|LAW,-27.24106516271696,153.04442080473757,12,0,0
QLD,MANLY,HOUSING|SUPPORT & COUNSELLING,-27.453662643350622,153.18716101927325,13,5,2.6
QLD,MANLY WEST,HEALTH|HOUSING,-27.467154897880445,153.1662952972182,48,4,12
QLD,MANOORA,HOUSING,-16.917056507268388,145.73665355610134,10,1,10
QLD,MANSFIELD,DISABILITIES|HOUSING|SUPPORT & COUNSELLING,-27.53554032116229,153.10419753721044,3,4,0.75
QLD,MANUNDA,FAMILY VIOLENCE|HOUSING|LAW|MENTAL HEALTH|SUPPORT & COUNSELLING,-16.917248736904444,145.74917665788666,10,7,1.4285714285714286
QLD,MAPLETON,HOUSING,-26.6321351,152.86838459999998,1,0,0
QLD,MAPOON,DISABILITIES|HOUSING|SUPPORT & COUNSELLING,-11.863235316445174,142.1829196177552,1,3,0.3333333333333333
QLD,MARBURG,HOUSING,-27.559788181751472,152.5891681928345,2,1,2
QLD,MARCOOLA,DISABILITIES|HOUSING,-26.6038754,153.0957951,15,0,0
QLD,MAREEBA,DISABILITIES|HOUSING|SUPPORT & COUNSELLING,-17.037887981377505,145.49624750741268,19,12,1.5833333333333333
QLD,MARGATE,HOUSING,-27.242778549028536,153.10309871131864,8,0,0
QLD,MARIAN,DISABILITIES|HEALTH|HOUSING|MENTAL HEALTH,-21.170287885850538,148.95135430211042,4,0,0
QLD,MAROOCHYDORE,HOUSING|SUPPORT & COUNSELLING,-26.653358220673642,153.08182023621055,328,28,11.714285714285714
QLD,MARSDEN,HOUSING,-27.673470356454114,153.0973446617669,135,0,0
QLD,MARYBOROUGH,HOUSING,-25.52326403065613,152.69706308087396,46,32,1.4375
QLD,MAUDSLAND,HOUSING|SUPPORT & COUNSELLING,-27.93307462850316,153.29729778578292,4,0,0
QLD,MCDOWALL,HOUSING,-27.381553341919023,152.99218204904824,2,0,0
QLD,MEADOWBROOK,DISABILITIES|FOOD|HEALTH|HOUSING|MENTAL HEALTH|SUPPORT & COUNSELLING,-27.663923138967846,153.14475170367731,39,4,9.75
QLD,MEMERAMBI,HOUSING,-26.46018166052783,151.81697837223982,1,0,0
QLD,MERIDAN PLAINS,DISABILITIES|HOUSING|MENTAL HEALTH,-26.765544980400644,153.08004917164234,5,3,1.6666666666666667
QLD,MERMAID BEACH,HOUSING,-28.047995059791916,153.43663930116236,10,3,3.3333333333333335
QLD,MERMAID WATERS,HOUSING,-28.049826652331177,153.4213964358251,62,1,62
QLD,MERRIMAC,DISABILITIES|HEALTH|HOUSING,-28.050157729586775,153.37267271799553,1,4,0.25
QLD,MIAMI,HOUSING,-28.06819718475545,153.43578421254637,5,4,1.25
QLD,MIDDLE RIDGE,HOUSING,-27.5972096,151.9525888,3,0,0
QLD,MIDDLEMOUNT,FAMILY VIOLENCE|HOUSING|LAW,-22.840495284715544,148.64845728057782,3,0,0
QLD,MIDGE POINT,HOUSING,-20.659804053851307,148.68933818529408,0,1,0
QLD,MILES,HEALTH|HOUSING,-26.715850256274425,150.15339308702102,5,14,0.35714285714285715
QLD,MILES END,HOUSING|SUPPORT & COUNSELLING,-20.720912263245282,139.48755947255216,3,0,0
QLD,MILLBANK,HOUSING,-24.871478399999997,152.32603400000002,5,0,0
QLD,MILLMERRAN,DISABILITIES|HOUSING,-27.882374610292853,151.26709770286195,0,7,0
QLD,MILTON,HEALTH|HOUSING|SUPPORT & COUNSELLING,-27.46862857333889,153.00516260876373,92,3,30.666666666666668
QLD,MINDEN,HOUSING,-27.54791072278043,152.54605583434122,51,0,0
QLD,MINYAMA,HOUSING,-26.695662835767127,153.12305521954804,34,0,0
QLD,MIRANI,DISABILITIES|HEALTH|HOUSING|MENTAL HEALTH|SUPPORT & COUNSELLING,-21.16371994351182,148.86358671516,0,3,0
QLD,MISSION BEACH,HOUSING,-17.86116258371784,146.10270378264613,5,0,0
QLD,MITCHELL,HOUSING,-26.4529131038278,147.98584774401414,7,1,7
QLD,MITCHELTON,HEALTH|HOUSING|SUPPORT & COUNSELLING,-27.411889801653217,152.9705495343159,22,11,2
QLD,MOFFAT BEACH,DISABILITIES|HEALTH|HOUSING|SUPPORT & COUNSELLING,-26.792614538401637,153.13792339504374,0,1,0
QLD,MOGGILL,FAMILY VIOLENCE|HOUSING|LAW,-27.57989095982808,152.87714334244197,37,0,0
QLD,MOLENDINAR,HOUSING,-27.974023824763922,153.3607053336252,5,0,0
QLD,MONA MONA,HOUSING,-16.742950546488537,145.54299550792646,11,0,0
QLD,MONKLAND,HOUSING,-26.20927158306887,152.68680719503416,4,0,0
QLD,MONTO,HOUSING,-24.843166651063076,151.1085291211771,1,8,0.125
QLD,MOODLU,HOUSING,-27.054853123003173,152.91039896446986,378,0,0
QLD,MOOLOOLABA,ALCOHOL & OTHER DRUGS|DISABILITIES|HEALTH|HOUSING|MENTAL HEALTH|SUPPORT & COUNSELLING,-26.683755636161596,153.11395681793616,10,5,2
QLD,MOOLOOLAH VALLEY,DISABILITIES|HOUSING,-26.762232870045416,152.96547628341293,1,1,1
QLD,MOORE PARK BEACH,HOUSING|SUPPORT & COUNSELLING,-24.70943272207825,152.23839588728546,3,0,0
QLD,MOORINA,HOUSING|SUPPORT & COUNSELLING,-27.14908647483883,152.87297505490343,67,0,0
QLD,MOOROOBOOL,HOUSING,-16.9369952,145.7380902,14,0,0
QLD,MOOROOKA,FAMILY VIOLENCE|HOUSING|LAW|MENTAL HEALTH|SUPPORT & COUNSELLING,-27.534257952705314,153.02456509675898,48,1,48
QLD,MORABY,DISABILITIES|HEALTH|HOUSING|MENTAL HEALTH,-26.887750007380948,149.73865663216486,2,0,0
QLD,MORANBAH,HOUSING|SUPPORT & COUNSELLING,-21.948126795764995,147.8893253091894,5,6,0.8333333333333334
QLD,MORAYFIELD,DISABILITIES|HOUSING|SUPPORT & COUNSELLING,-27.12845757705089,152.93999346477906,40,6,6.666666666666667
QLD,MORETON BAY,HOUSING,-27.35452882817838,153.2943907663204,2,0,0
QLD,MORNINGSIDE,DISABILITIES|HEALTH|HOUSING|MENTAL HEALTH,-27.46157397625588,153.0764895808104,22,3,7.333333333333333
QLD,MORNINGTON,FAMILY VIOLENCE|HOUSING|LAW,-20.734428229644408,139.49613665792177,2,0,0
QLD,MOSSMAN,DISABILITIES|FAMILY VIOLENCE|HOUSING|LAW|MENTAL HEALTH|SUPPORT & COUNSELLING,-16.451095645930817,145.37375709187688,4,4,1
QLD,MOUNT COOLUM,DISABILITIES|HEALTH|HOUSING|MENTAL HEALTH|SUPPORT & COUNSELLING,-26.56672245604801,153.08303528061154,24,3,8
QLD,MOUNT GARNET,HOUSING,-17.658777459267338,145.06841479891546,1,0,0
QLD,MOUNT GRAVATT,DISABILITIES|HEALTH|HOUSING|MENTAL HEALTH,-27.540231953057187,153.07157406014997,21,7,3
QLD,MOUNT GRAVATT EAST,HOUSING|SUPPORT & COUNSELLING,-27.52998186367757,153.0871846596022,7,3,2.3333333333333335
QLD,MOUNT ISA,EMPLOYMENT|HOUSING|SUPPORT & COUNSELLING,-20.535976467251963,139.45490924450428,16,37,0.43243243243243246
QLD,MOUNT ISA CITY,HOUSING,-20.72757,139.492763,6,0,0
QLD,MOUNT LAWLESS,HOUSING,-25.544815635169403,151.64179961010197,4,0,0
QLD,MOUNT LOUISA,DISABILITIES|HOUSING|SUPPORT & COUNSELLING,-19.277330791156967,146.7337650025954,2,7,0.2857142857142857
QLD,MOUNT LOW,HOUSING,-19.224164497987754,146.67008989018981,1,0,0
QLD,MOUNT MEE,HOUSING,-27.068827201165927,152.7409400708758,1,0,0
QLD,MOUNT MELLUM,FAMILY VIOLENCE|HOUSING|LAW,-26.81652863789623,152.93248878797644,15,0,0
QLD,MOUNT MOLAR,HOUSING,-27.89611057389841,151.84689203253288,8,0,0
QLD,MOUNT MORGAN,DISABILITIES|HOUSING,-23.64357155580099,150.39659986364353,6,2,3
QLD,MOUNT MULLIGAN,FAMILY VIOLENCE|HOUSING|LAW,-16.78071375407048,144.8820158570243,9,0,0
QLD,MOUNT OMMANEY,HOUSING,-27.546058181496633,152.93217000935184,0,1,0
QLD,MOUNT PERRY,DISABILITIES|HEALTH|HOUSING|SUPPORT & COUNSELLING,-25.18732254674941,151.65538823098512,2,5,0.4
QLD,MOUNT PETER,HOUSING,-17.063174106608045,145.73584682676847,30,0,0
QLD,MOUNT PLEASANT,HOUSING,-21.118091818471484,149.1597666475084,4,2,2
QLD,MOUNT SAMSON,HOUSING,-27.30300688785505,152.8422414840622,9,0,0
QLD,MOUNT SHERIDAN,HOUSING,-16.988875240153444,145.73217473614488,4,0,0
QLD,MOUNT WARREN PARK,HOUSING,-27.73105072615317,153.20540138371035,0,2,0
QLD,MOUNTAIN CREEK,HOUSING,-26.70261024397856,153.10144320523622,41,0,0
QLD,MOURA,EMPLOYMENT|HOUSING|SUPPORT & COUNSELLING,-24.47691788853909,149.93654351654055,1,5,0.2
QLD,MUDGEERABA,DISABILITIES|HOUSING|SUPPORT & COUNSELLING,-28.093716800481914,153.34900455900225,18,9,2
QLD,MUIRLEA,HOUSING,-27.570953893640763,152.73351561871368,2,0,0
QLD,MULLETT CREEK,HOUSING,-24.598343760810238,152.06593988194658,172,0,0
QLD,MUNDINGBURRA,HOUSING|LAW|SUPPORT & COUNSELLING,-19.29654627445351,146.78512441769516,5,4,1.25
QLD,MUNDUBBERA,DISABILITIES|HEALTH|HOUSING|SUPPORT & COUNSELLING,-25.58291956929789,151.29818036807058,1,5,0.2
QLD,MUNGAR,HOUSING,-25.600912329246892,152.59216737889727,3,0,0
QLD,MUNGINDI,HOUSING,-28.894835328755924,148.77684614933565,3,0,0
QLD,MUNRUBEN,HOUSING|SUPPORT & COUNSELLING,-27.746560549393298,153.03136671255922,1,0,0
QLD,MURARRIE,HOUSING|SUPPORT & COUNSELLING,-27.452450739513335,153.10841249225857,13,1,13
QLD,MURGON,FOOD|HEALTH|HOUSING|SUPPORT & COUNSELLING,-26.23760784930714,151.94583475530018,9,9,1
QLD,MURRUMBA DOWNS,HOUSING,-27.267617611409797,153.0105603081757,9,3,3
QLD,MYSTERTON,HOUSING,-19.287157015545034,146.79368950768094,46,0,0
QLD,NAMBOUR,HOUSING,-26.62369569866718,152.95877323318967,180,34,5.294117647058823
QLD,NANANGO,HOUSING,-26.67767211745324,151.98586709276577,7,3,2.3333333333333335
QLD,NARANGBA,DISABILITIES|HEALTH|HOUSING|MENTAL HEALTH,-27.187334073516094,152.93104614529383,72,1,72
QLD,NATHAN,HOUSING|SUPPORT & COUNSELLING,-27.548682498678836,153.05319462064116,4,0,0
QLD,NELLY BAY,HOUSING|SUPPORT & COUNSELLING,-19.15710990877443,146.84476044495852,9,0,0
QLD,NERANG,HOUSING,-27.98106566015225,153.3122891766481,75,21,3.5714285714285716
QLD,NEW AUCKLAND,HOUSING,-23.884117641946723,151.23585080659728,3,0,0
QLD,NEW BEITH,HOUSING|SUPPORT & COUNSELLING,-27.75984088721646,152.94134216356656,0,3,0
QLD,NEW FARM,ALCOHOL & OTHER DRUGS|HEALTH|HOUSING,-27.467476167423822,153.0462343030021,52,14,3.7142857142857144
QLD,NEWMARKET,HOUSING,-27.43530529389654,153.0079135599372,6,3,2
QLD,NEWPORT,DISABILITIES|HOUSING|SUPPORT & COUNSELLING,-27.210664869115757,153.09008779211086,3,1,3
QLD,NEWSTEAD,HOUSING,-27.447632334700778,153.0449686770296,1,0,0
QLD,NEWTOWN,EMPLOYMENT|HEALTH|HOUSING|LAW,-27.616313240244903,152.77674641939024,20,2,10
QLD,NGATJAN,HOUSING,-17.496963557212112,145.9102460902248,27,0,0
QLD,NINGI,DISABILITIES|HOUSING|SUPPORT & COUNSELLING,-27.070980225016452,153.06575278384247,23,1,23
QLD,NO 5 BRANCH,HOUSING,-17.723861896122425,146.0094526810318,1,0,0
QLD,NOOSA HEADS,DISABILITIES|HEALTH|HOUSING|MENTAL HEALTH,-26.39847644323007,153.09258516234559,41,3,13.666666666666666
QLD,NOOSAVILLE,DISABILITIES|HEALTH|HOUSING|SUPPORT & COUNSELLING,-26.423285158186662,153.06094812187254,58,3,19.333333333333332
QLD,NORMAN GARDENS,HOUSING,-23.325316509154508,150.53531139920966,6,0,0
QLD,NORMAN PARK,HOUSING,-27.479133182383094,153.06172521489938,8,0,0
QLD,NORMANTON,HOUSING,-17.87741935719547,140.8990546383415,4,3,1.3333333333333333
QLD,NORTH BOOVAL,HOUSING,-27.59885302949269,152.79021877783677,11,0,0
QLD,NORTH BRANCH,HOUSING,-28.020527203239975,152.31754073970083,41,0,0
QLD,NORTH IPSWICH,HEALTH|HOUSING|SUPPORT & COUNSELLING,-27.59397970284579,152.76085086121103,7,8,0.875
QLD,NORTH LAKES,DISABILITIES|HEALTH|HOUSING|SUPPORT & COUNSELLING,-27.221968464554582,153.01382892767663,61,9,6.777777777777778
QLD,NORTH MACKAY,DISABILITIES|HEALTH|HOUSING,-21.1201351735588,149.183104186208,2,7,0.2857142857142857
QLD,NORTH WARD,HEALTH|HOUSING,-19.248454472647396,146.80897993199704,6,1,6
QLD,NORTHGATE,HOUSING|SUPPORT & COUNSELLING,-27.391549556317766,153.07349060636435,30,5,6
QLD,NORVILLE,HOUSING,-24.895435,152.3389032,2,0,0
QLD,NORWELL,DISABILITIES|HEALTH|HOUSING|MENTAL HEALTH,-27.7674471,153.2857165,4,0,0
QLD,NUDGEE,HOUSING|SUPPORT & COUNSELLING,-27.36922240341049,153.0913153209713,44,8,5.5
QLD,NUNDAH,HOUSING|SUPPORT & COUNSELLING,-27.402903601224136,153.0631181731593,91,11,8.272727272727273
QLD,OAK VALLEY,HOUSING,-19.40837112541622,146.8212381235786,17,0,0
QLD,OAKEY,DISABILITIES|HEALTH|HOUSING,-27.446835278073916,151.71008189761912,16,4,4
QLD,OAKVIEW,HOUSING,-26.120010299554377,152.32930567319733,2,0,0
QLD,OBI OBI,HOUSING|SUPPORT & COUNSELLING,-26.643667666680923,152.8162047619716,2,0,0
QLD,OLD COORANGA,HOUSING,-25.793312678295845,151.40813095476622,34,0,0
QLD,ONE MILE,HOUSING|SUPPORT & COUNSELLING,-27.6333932,152.7401086,3,0,0
QLD,ORMEAU,HOUSING,-27.775613958560267,153.25305636392218,70,1,70
QLD,ORMEAU HILLS,HOUSING,-27.7997442,153.2480728,4,0,0
QLD,ORMISTON,HOUSING,-27.50889708298354,153.25677543019412,10,2,5
QLD,OWENS CREEK,HOUSING,-21.102819283526703,148.70480907945554,2,0,0
QLD,OXENFORD,HOUSING|SUPPORT & COUNSELLING,-27.905712887175973,153.30291764575716,36,0,0
QLD,OXLEY,HOUSING|SUPPORT & COUNSELLING,-27.561816759692157,152.97560071401284,53,2,26.5
QLD,PACIFIC HAVEN,HOUSING,-25.265612091775147,152.55206866811298,2,0,0
QLD,PACIFIC HEIGHTS,HOUSING,-23.09845423327483,150.73554119686477,1,0,0
QLD,PACIFIC PARADISE,DISABILITIES|HEALTH|HOUSING|MENTAL HEALTH,-26.621126217131557,153.07353144393645,9,0,0
QLD,PACIFIC PINES,DISABILITIES|HEALTH|HOUSING|MENTAL HEALTH,-27.940052922325755,153.31440153105788,6,0,0
QLD,PACKERS CAMP,FAMILY VIOLENCE|HOUSING|LAW,-17.02159802743576,145.80190673463073,8,0,0
QLD,PADDINGTON,HOUSING,-27.46039606689756,152.99755207444804,26,5,5.2
QLD,PALLARA,FAMILY VIOLENCE|HOUSING|LAW,-27.62992368450754,152.98910720735967,2,0,0
QLD,PALM BEACH,EMPLOYMENT|HEALTH|HOUSING|LAW,-28.116016302547614,153.46303356628775,93,2,46.5
QLD,PALM ISLAND,ALCOHOL & OTHER DRUGS|EMPLOYMENT|HEALTH|HOUSING,-18.709928474011512,146.55800548639024,1,3,0.3333333333333333
QLD,PALMER,DISABILITIES|HOUSING,-15.951818375788164,143.61287088735008,0,2,0
QLD,PALMWOODS,HOUSING,-26.693479361040158,152.9559216100928,3,3,1
QLD,PARADISE POINT,DISABILITIES|FAMILY VIOLENCE|HEALTH|HOUSING|LAW|MENTAL HEALTH,-27.879666921811733,153.3973176120137,14,0,0
QLD,PARK AVENUE,HOUSING|SUPPORT & COUNSELLING,-23.35682308318554,150.51232752959166,4,0,0
QLD,PARK RIDGE,HOUSING,-27.70552209560238,153.06246214727767,39,2,19.5
QLD,PARK RIDGE SOUTH,DISABILITIES|HEALTH|HOUSING|MENTAL HEALTH,-27.727515692362427,153.03946604854661,6,0,0
QLD,PARKHURST,HOUSING,-23.300071331344675,150.51455998955848,2,0,0
QLD,PARKINSON,DISABILITIES|HEALTH|HOUSING|MENTAL HEALTH|SUPPORT & COUNSELLING,-27.64280203579956,153.03033809343677,28,3,9.333333333333334
QLD,PARKLANDS,HOUSING|SUPPORT & COUNSELLING,-26.58381416706748,152.96655787999595,2,0,0
QLD,PARKSIDE,HOUSING|LAW|SUPPORT & COUNSELLING,-20.737103932482704,139.48851281286125,0,2,0
QLD,PARKWOOD,EMPLOYMENT|HEALTH|HOUSING,-27.954384996055,153.3644074163755,6,2,3
QLD,PARRAMATTA PARK,FOOD|HOUSING|SUPPORT & COUNSELLING,-16.923118916171415,145.7639725036754,3,15,0.2
QLD,PARREARRA,DISABILITIES|HEALTH|HOUSING|MENTAL HEALTH,-26.71179716186971,153.1221989085795,0,2,0
QLD,PATRICK ESTATE,HOUSING,-27.41093215884165,152.567660522724,3,0,0
QLD,PEACHESTER,HOUSING,-26.84013182212724,152.8687777788434,13,0,0
QLD,PEEL ISLAND,HOUSING,-27.49880457049095,153.35528368080338,18,0,0
QLD,PELICAN WATERS,DISABILITIES|HOUSING|MENTAL HEALTH|SUPPORT & COUNSELLING,-26.832276704632594,153.1008010547097,0,6,0
QLD,PEREGIAN BEACH,HOUSING,-26.478182399999998,153.0683392,6,0,0
QLD,PEREGIAN SPRINGS,HOUSING|SUPPORT & COUNSELLING,-26.501675,153.081661,7,0,0
QLD,PETRIE,DISABILITIES|EMPLOYMENT|HEALTH|HOUSING|SUPPORT & COUNSELLING,-27.264962327784527,152.97239713173687,57,2,28.5
QLD,PETRIE TERRACE,HEALTH|HOUSING|LAW|SUPPORT & COUNSELLING,-27.46320738506078,153.01318920251882,2,2,1
QLD,PIALBA,DISABILITIES|HEALTH|HOUSING|SUPPORT & COUNSELLING,-25.279783372588142,152.83271048066797,7,11,0.6363636363636364
QLD,PIE CREEK,HOUSING,-26.2297984,152.6260111,1,0,0
QLD,PIMLICO,HEALTH|HOUSING,-19.282272502682805,146.78884066851356,1,1,1
QLD,PIMPAMA,DISABILITIES|HEALTH|HOUSING,-27.812881170525067,153.3147581295545,95,2,47.5
QLD,PINELANDS,HOUSING,-27.232942029670458,152.00299568533168,3,0,0
QLD,PINEVALE,HOUSING,-21.33049862550436,148.81892961155242,1,0,0
QLD,PINJARRA HILLS,DISABILITIES|HOUSING|SUPPORT & COUNSELLING,-27.537983184183258,152.90866260951822,0,3,0
QLD,PINKENBA,FAMILY VIOLENCE|HOUSING|LAW,-27.39794604724135,153.1372598188803,6,0,0
QLD,PITTSWORTH,HOUSING,-27.73680320150428,151.64311095858577,2,8,0.25
QLD,PLAINLAND,HOUSING,-27.5586395,152.4354052,2,0,0
QLD,POINT LOOKOUT,HOUSING|SUPPORT & COUNSELLING,-27.430973261675422,153.52923571574152,2,0,0
QLD,POINT VERNON,DISABILITIES|HOUSING,-25.25662534726065,152.81521473872095,2,4,0.5
QLD,POMONA,EMPLOYMENT|HEALTH|HOUSING|LAW,-26.36548939564002,152.8702076280097,14,1,14
QLD,PORMPURAAW,HOUSING,-14.719970711923096,141.80782044055795,3,0,0
QLD,PORT ALMA,FAMILY VIOLENCE|HOUSING|LAW,-23.575115151667703,150.76190932058876,2,0,0
QLD,PORT DOUGLAS,HOUSING,-16.50006914607673,145.4659943573358,11,2,5.5
QLD,PORTSMITH,HOUSING,-16.95633588343676,145.77625563304008,7,2,3.5
QLD,PRESTON,HOUSING,-20.39363990505048,148.65756133888388,9,0,0
QLD,PROSERPINE,HOUSING,-20.41112019013399,148.56539612873246,4,6,0.6666666666666666
QLD,PROSPECT,FAMILY VIOLENCE|HOUSING|LAW,-24.51173255844578,150.4188322029255,3,0,0
QLD,PULLENVALE,DISABILITIES|HEALTH|HOUSING|MENTAL HEALTH,-27.51737995811647,152.88411593994755,10,0,0
QLD,QUEENTON,DISABILITIES|HEALTH|HOUSING|MENTAL HEALTH,-20.07545237170347,146.28035002188957,10,0,0
QLD,RACEVIEW,HOUSING,-27.639044929359486,152.7780257929638,28,6,4.666666666666667
QLD,RAILWAY ESTATE,HOUSING,-19.27621659237153,146.8187138869767,4,0,0
QLD,RAINBOW BEACH,HOUSING,-25.90238664905112,153.07415242242038,1,0,0
QLD,RANGEVILLE,DISABILITIES|HEALTH|HOUSING|MENTAL HEALTH|SUPPORT & COUNSELLING,-27.584856345304804,151.986350943214,1,4,0.25
QLD,RANSOME,HOUSING,-27.4982752,153.1787025,1,0,0
QLD,RASMUSSEN,FAMILY VIOLENCE|HEALTH|HOUSING|LAW|SUPPORT & COUNSELLING,-19.35243607076609,146.72276706758655,0,1,0
QLD,RATHDOWNEY,HOUSING,-28.194559272295038,152.80433543784685,8,0,0
QLD,RAVENSHOE,DISABILITIES|HOUSING,-17.616951083312756,145.5026590934055,5,5,1
QLD,RAVENSWOOD,HOUSING,-20.22792040019212,146.91506615757953,1,0,0
QLD,RED HILL,HOUSING,-27.452135867670425,153.00239466477015,5,3,1.6666666666666667
QLD,REDBANK,HOUSING,-27.602530900755163,152.87351257962925,5,1,5
QLD,REDBANK PLAINS,HOUSING,-27.651722673699428,152.85222075416988,264,0,0
QLD,REDCLIFFE,HOUSING,-27.226667444729696,153.1071059643632,183,7,26.142857142857142
QLD,REDHILL FARMS,DISABILITIES|HEALTH|HOUSING|MENTAL HEALTH,-25.026230549485867,151.95414951298,3,0,0
QLD,REDLAND BAY,HEALTH|HOUSING,-27.64837472127722,153.29334702362613,95,4,23.75
QLD,REDLYNCH,DISABILITIES|EMPLOYMENT|HEALTH|HOUSING|SUPPORT & COUNSELLING,-16.92532813788043,145.69557112329198,0,8,0
QLD,REDWOOD,DISABILITIES|HOUSING,-27.565996752637798,151.98944162593523,300,0,0
QLD,REEDY CREEK,HOUSING,-28.1124762020245,153.39637181653364,29,0,0
QLD,REGENTS PARK,HOUSING,-27.676711954025777,153.0415892733301,4,0,0
QLD,RICHLANDS,HOUSING,-27.588814865117904,152.95353350525048,7,0,0
QLD,RICHMOND,HOUSING,-20.762283278387958,143.2365720751676,22,0,0
QLD,RINGWOOD,HOUSING|SUPPORT & COUNSELLING,-27.524461751056645,152.22796850468626,15,0,0
QLD,RIPLEY,FOOD|HOUSING,-27.671589713465703,152.7841024278947,0,1,0
QLD,RIVER HEADS,DISABILITIES|HEALTH|HOUSING|MENTAL HEALTH,-25.40534570770359,152.90712779171417,4,0,0
QLD,RIVERHILLS,HOUSING,-27.560490127958683,152.90708066405523,1,0,0
QLD,RIVERVIEW,HOUSING,-27.591470770921696,152.84161302197418,15,7,2.142857142857143
QLD,ROADVALE,FAMILY VIOLENCE|HOUSING|LAW,-27.919305479712726,152.70764020527497,1,0,0
QLD,ROBERTSON,HOUSING,-27.564970024170595,153.0570781422714,9,4,2.25
QLD,ROBINA,FOOD|HOUSING|SUPPORT & COUNSELLING,-28.070784081764725,153.3931837774896,61,28,2.1785714285714284
QLD,ROCHEDALE,HEALTH|HOUSING,-27.570664808290587,153.12281843432757,7,1,7
QLD,ROCHEDALE SOUTH,FOOD|HOUSING,-27.59958354564453,153.1316487021998,64,3,21.333333333333332
QLD,ROCKHAMPTON CITY,DISABILITIES|HOUSING,-23.378990271114173,150.50999957616125,111,86,1.2906976744186047
QLD,ROCKLEA,DISABILITIES|HEALTH|HOUSING|MENTAL HEALTH,-27.551074937849375,153.00182822440428,2,4,0.5
QLD,ROCKVILLE,HOUSING,-27.531138499999997,151.94253709999998,2,0,0
QLD,ROMA,HOUSING,-26.563154873792044,148.80396697065925,10,16,0.625
QLD,ROSEMOUNT,HOUSING,-26.630303870692195,152.99952102910262,0,1,0
QLD,ROSEWOOD,HOUSING,-27.638749800062786,152.59286684316342,13,7,1.8571428571428572
QLD,ROSS CREEK,HOUSING,-26.09744326652268,152.74407757413027,70,0,0
QLD,ROTHWELL,HOUSING,-27.21135994977153,153.05501310396548,36,6,6
QLD,ROWES BAY,DISABILITIES|HEALTH|HOUSING|MENTAL HEALTH|SUPPORT & COUNSELLING,-19.24295286038613,146.78264243258812,0,4,0
QLD,RUNAWAY BAY,DISABILITIES|HOUSING|SUPPORT & COUNSELLING,-27.913597394613923,153.40100250197113,6,5,1.2
QLD,RUNCORN,HOUSING|SUPPORT & COUNSELLING,-27.597937278640266,153.0765459866019,63,3,21
QLD,RUNGOO,HOUSING,-18.480028832442066,146.1645661316487,4,0,0
QLD,RUSSELL ISLAND,HOUSING,-27.670517678107366,153.3831156098769,17,0,0
QLD,SAIBAI ISLAND,HOUSING,-9.395903809341034,142.68994704717412,2,0,0
QLD,SALISBURY,DISABILITIES|HOUSING|SUPPORT & COUNSELLING,-27.549705761875348,153.03297599964594,26,4,6.5
QLD,SAMFORD VILLAGE,HOUSING|SUPPORT & COUNSELLING,-27.373397480902693,152.88494634852964,1,0,0
QLD,SANDGATE,DISABILITIES|EMPLOYMENT|HEALTH|HOUSING|SUPPORT & COUNSELLING,-27.316887114556824,153.06486212127635,43,7,6.142857142857143
QLD,SANDY CREEK,FAMILY VIOLENCE|HOUSING|LAW,-26.852587918448215,152.63818581032274,2,0,0
QLD,SARINA,HOUSING,-21.437612709196525,149.18800519223586,5,4,1.25
QLD,SARINA BEACH,HOUSING,-21.386564328947106,149.2849150399723,0,1,0
QLD,SCARBOROUGH,HOUSING,-27.204474212901093,153.1100629056919,151,8,18.875
QLD,SCARNESS,HOUSING,-25.287775396232945,152.8538827908482,12,1,12
QLD,SEAFORTH,HOUSING,-20.926627210509825,148.92469524323283,0,1,0
QLD,SEISIA,FAMILY VIOLENCE|HOUSING|LAW,-10.84542647541625,142.3501344965858,3,0,0
QLD,SEPTIMUS,HOUSING,-21.286147810818438,148.7334886603709,4,0,0
QLD,SEVEN HILLS,HOUSING,-27.479807304009423,153.07804025061338,57,0,0
QLD,SEVENTEEN MILE ROCKS,HOUSING,-27.54778559394482,152.95730014434668,6,0,0
QLD,SEVENTEEN SEVENTY,DISABILITIES|HEALTH|HOUSING|MENTAL HEALTH,-24.165818903797376,151.89073374323928,2,0,0
QLD,SHAILER PARK,DISABILITIES|HOUSING,-27.64972162646325,153.17751632132226,27,1,27
QLD,SHAW,HOUSING|SUPPORT & COUNSELLING,-19.278166625585637,146.69895199992428,56,0,0
QLD,SHELLY BEACH,HOUSING,-26.7960769,153.1423761,1,0,0
QLD,SHERWOOD,EMPLOYMENT|HEALTH|HOUSING|LAW|SUPPORT & COUNSELLING,-27.530840807277393,152.9814337763671,1,3,0.3333333333333333
QLD,SHIRBOURNE,DISABILITIES|HEALTH|HOUSING|MENTAL HEALTH,-19.569264260716285,147.0684910234643,2,0,0
QLD,SHOAL POINT,HOUSING|SUPPORT & COUNSELLING,-21.010110605722,149.14232930361422,8,0,0
QLD,SHORNCLIFFE,DISABILITIES|HOUSING,-27.32740078173704,153.08159376437428,82,0,0
QLD,SILKSTONE,DISABILITIES|HEALTH|HOUSING|MENTAL HEALTH,-27.622372348011876,152.7892378820641,80,0,0
QLD,SINNAMON PARK,DISABILITIES|HOUSING|SUPPORT & COUNSELLING,-27.54408528397038,152.94906346887862,7,6,1.1666666666666667
QLD,SIPPY DOWNS,HOUSING,-26.722563851600583,153.0809047145871,31,4,7.75
QLD,SLACKS CREEK,HOUSING|SUPPORT & COUNSELLING,-27.641350054333262,153.1338493127941,100,6,16.666666666666668
QLD,SLADE POINT,FAMILY VIOLENCE|HOUSING|LAW,-21.08152412753838,149.21118571840105,1,0,0
QLD,SMITHFIELD,HOUSING,-16.82488134358689,145.68973826081162,11,1,11
QLD,SOUTH BRISBANE,ALCOHOL & OTHER DRUGS|HEALTH|HOUSING,-27.4780650826827,153.0193998540435,259,23,11.26086956521739
QLD,SOUTH GLADSTONE,HOUSING,-23.864168730905977,151.26657773624365,3,0,0
QLD,SOUTH MACKAY,HOUSING,-21.16526688263372,149.18172433050037,3,0,0
QLD,SOUTH MISSION BEACH,FAMILY VIOLENCE|HOUSING|LAW,-17.957804860997122,146.0860981605185,6,0,0
QLD,SOUTH TOOWOOMBA,HOUSING,-27.573816,151.9502301,4,0,0
QLD,SOUTH TOWNSVILLE,HOUSING,-19.259175927018013,146.83260910997166,2,5,0.4
QLD,SOUTH WELLESLEY ISLANDS,HOUSING,-17.064120564291816,139.47272335522402,4,0,0
QLD,SOUTHPORT,HOUSING,-27.9730719346909,153.4017455400663,165,43,3.8372093023255816
QLD,SPRING HILL,HOUSING|SUPPORT & COUNSELLING,-27.459364453570394,153.02437585975036,105,14,7.5
QLD,SPRINGFIELD,DISABILITIES|EMPLOYMENT|HOUSING|LAW|SUPPORT & COUNSELLING,-27.652533875337493,152.91005398653226,4,1,4
QLD,SPRINGFIELD CENTRAL,HOUSING,-27.681004599438133,152.90360827596814,8,0,0
QLD,SPRINGFIELD LAKES,HOUSING,-27.678234203042457,152.91481670293282,18,0,0
QLD,SPRINGSURE,HOUSING,-24.09684790821767,148.07320916683503,4,3,1.3333333333333333
QLD,SPRINGWOOD,FOOD|HOUSING|SUPPORT & COUNSELLING,-27.62024350780348,153.1382328537313,51,10,5.1
QLD,ST GEORGE,HOUSING,-27.948103660814883,148.60745332960178,19,5,3.8
QLD,ST KILDA,HOUSING,-25.058899476287838,151.91955593499728,17,0,0
QLD,ST LUCIA,DISABILITIES|HOUSING|SUPPORT & COUNSELLING,-27.498997076975108,153.00442997618325,8,1,8
QLD,STAFFORD,DISABILITIES|HOUSING|SUPPORT & COUNSELLING,-27.409642336820117,153.01056299228773,48,4,12
QLD,STAFFORD HEIGHTS,FAMILY VIOLENCE|HOUSING|LAW,-27.40008002524221,153.0136670381,38,0,0
QLD,STANAGE,HOUSING,-22.218399818692948,150.07013520501422,39,0,0
QLD,STANTHORPE,DISABILITIES|HOUSING|MENTAL HEALTH|SUPPORT & COUNSELLING,-28.659974736101933,151.9375611422178,10,5,2
QLD,STEIGLITZ,HOUSING,-27.734757118207163,153.35594833631308,2,0,0
QLD,STONES CORNER,EMPLOYMENT|HEALTH|HOUSING|LAW|SUPPORT & COUNSELLING,-27.49943168988558,153.0466630418975,62,3,20.666666666666668
QLD,STORM KING,HOUSING,-28.72705421578222,151.97966792976578,5,0,0
QLD,STRATHPINE,HOUSING|SUPPORT & COUNSELLING,-27.301128231129933,152.99077308729798,104,3,34.666666666666664
QLD,SUNNYBANK,HOUSING,-27.578178149069117,153.0593723433839,23,2,11.5
QLD,SUNNYBANK HILLS,HOUSING|SUPPORT & COUNSELLING,-27.596161530339632,153.0523733532297,23,11,2.090909090909091
QLD,SUNRISE BEACH,DISABILITIES|HEALTH|HOUSING|MENTAL HEALTH,-26.416604186833688,153.10279739664625,21,0,0
QLD,SUNSET,DISABILITIES|HEALTH|HOUSING|MENTAL HEALTH,-20.711628159423107,139.51204246914344,1,0,0
QLD,SUNSHINE BEACH,HOUSING,-26.403991973993868,153.1100515323903,12,0,0
QLD,SURFERS PARADISE,FOOD|HOUSING,-28.001661714918736,153.42293200446466,44,5,8.8
QLD,SWANS LAGOON,HOUSING,-20.09648732003286,147.16134768207382,7,0,0
QLD,TAABINGA,HOUSING,-26.592955200233597,151.82436256983297,1,0,0
QLD,TAIGUM,HEALTH|HOUSING,-27.342532675712395,153.04659565603228,12,3,4
QLD,TAKILBERAN,FAMILY VIOLENCE|HOUSING|LAW,-24.89322587332356,151.72159481117896,9,0,0
QLD,TAKURA,HOUSING,-25.308330719641486,152.7050767515159,0,2,0
QLD,TALLAI,HOUSING,-28.06425731833068,153.32626683804526,26,0,0
QLD,TALLEBUDGERA,DISABILITIES|HEALTH|HOUSING|MENTAL HEALTH|SUPPORT & COUNSELLING,-28.15166037265018,153.41945889354898,0,6,0
QLD,TALLEBUDGERA VALLEY,FAMILY VIOLENCE|HOUSING|LAW,-28.18936465420323,153.357090305871,4,0,0
QLD,TALLEGALLA,DISABILITIES|HEALTH|HOUSING|MENTAL HEALTH,-27.589456112055622,152.55237010118083,1,0,0
QLD,TAMBORINE,HOUSING,-27.870754071727262,153.1346847331387,2,0,0
QLD,TAMBORINE MOUNTAIN,DISABILITIES|HEALTH|HOUSING|MENTAL HEALTH,-27.942164855791415,153.1936490983908,12,2,6
QLD,TANAH MERAH,DISABILITIES|HOUSING,-27.67168426565292,153.17032305948092,2,0,0
QLD,TANAWHA,HOUSING|SUPPORT & COUNSELLING,-26.71985660652957,153.0297922677064,0,1,0
QLD,TANNUM SANDS,HOUSING|SUPPORT & COUNSELLING,-23.994819961000363,151.38510863665962,2,0,0
QLD,TARA,HOUSING,-27.25458098771578,150.43449183191396,4,11,0.36363636363636365
QLD,TARAMPA,DISABILITIES|HOUSING,-27.49598569090016,152.5541365961745,0,1,0
QLD,TARINGA,HEALTH|HOUSING,-27.493333004349047,152.98113412182138,0,2,0
QLD,TAROME,HOUSING,-28.002559228682262,152.4404408563555,3,0,0
QLD,TAROOM,HEALTH|HOUSING,-25.679595825681215,149.86804196482296,0,3,0
QLD,TARRAGINDI,HOUSING|SUPPORT & COUNSELLING,-27.52708566973614,153.04543999345378,10,0,0
QLD,TENERIFFE,HOUSING|SUPPORT & COUNSELLING,-27.456116829414633,153.04830960084385,44,0,0
QLD,TEWANTIN,DISABILITIES|HOUSING,-26.39379803093623,153.01679473754552,29,7,4.142857142857143
QLD,THE GAP,DISABILITIES|HEALTH|HOUSING|MENTAL HEALTH|SUPPORT & COUNSELLING,-27.445548570542506,152.94147454317013,16,3,5.333333333333333
QLD,THE LEAP,HOUSING|SUPPORT & COUNSELLING,-21.108727249999994,149.05280695999994,1,0,0
QLD,THE NARROWS,HOUSING|SUPPORT & COUNSELLING,-23.61392604271732,150.95412504498339,1,0,0
QLD,THE RANGE,HOUSING,-23.3795293,150.5018747,1,0,0
QLD,THEODORE,DISABILITIES|HOUSING|SUPPORT & COUNSELLING,-24.944084438092613,150.07641447168996,0,3,0
QLD,THORNESIDE,HOUSING|SUPPORT & COUNSELLING,-27.483145236332515,153.2013838850232,20,0,0
QLD,THORNLANDS,DISABILITIES|HEALTH|HOUSING,-27.567443843614498,153.26120022783434,19,6,3.1666666666666665
QLD,THURINGOWA CENTRAL,EMPLOYMENT|HOUSING|LAW|SUPPORT & COUNSELLING,-19.31314107942919,146.72816651707004,0,2,0
QLD,THURSDAY ISLAND,HOUSING,-10.5640875700172,142.24097011873548,12,11,1.0909090909090908
QLD,TIARO,HOUSING|SUPPORT & COUNSELLING,-25.731984136933463,152.59989744274063,1,1,1
QLD,TIN CAN BAY,HOUSING,-25.88010469689538,152.94940173609854,13,3,4.333333333333333
QLD,TINANA,HOUSING|SUPPORT & COUNSELLING,-25.551974910773716,152.66592052318063,4,0,0
QLD,TINGALPA,HOUSING,-27.473620631851738,153.1271062447828,4,0,0
QLD,TINGOORA,HOUSING,-26.35831621309995,151.81397905867823,2,0,0
QLD,TIPTON,HOUSING,-27.46418968024153,151.25702731820394,33,0,0
QLD,TIVOLI,HOUSING|SUPPORT & COUNSELLING,-27.586694322913516,152.7735082339218,1,0,0
QLD,TOCAL,HOUSING,-23.944054305395618,143.6649140098842,6,0,0
QLD,TOLGA,DISABILITIES|HEALTH|HOUSING|MENTAL HEALTH,-17.191701676245213,145.46497120226906,7,0,0
QLD,TOOGOOLAWAH,DISABILITIES|HOUSING|SUPPORT & COUNSELLING,-27.093703820670253,152.36788590176303,0,7,0
QLD,TOOWONG,HOUSING|SUPPORT & COUNSELLING,-27.4811581457105,152.98416625035972,58,9,6.444444444444445
QLD,TOOWOOMBA CITY,HOUSING|SUPPORT & COUNSELLING,-27.55982172204876,151.95066642950334,154,107,1.439252336448598
QLD,TORQUAY,HOUSING,-25.290652067352884,152.87132111550616,7,8,0.875
QLD,TORRINGTON,EMPLOYMENT|HOUSING|SUPPORT & COUNSELLING,-27.542427308873677,151.88791330509906,0,1,0
QLD,TOWNSON,HOUSING|SUPPORT & COUNSELLING,-27.897461632885815,152.36940876145678,27,0,0
QLD,TOWNSVILLE CITY,HOUSING,-19.25896309091047,146.8169419863849,320,32,10
QLD,TOWNVIEW,ALCOHOL & OTHER DRUGS|HEALTH|HOUSING|LAW|SUPPORT & COUNSELLING,-20.73163174226499,139.50572546507644,3,2,1.5
QLD,TREBONNE,HOUSING|SUPPORT & COUNSELLING,-18.645567465111352,146.08012281406835,0,3,0
QLD,TRINITY BEACH,HOUSING,-16.791555887569757,145.6974524817122,5,0,0
QLD,TRINITY PARK,FOOD|HOUSING|SUPPORT & COUNSELLING,-16.807662819715507,145.70654806630913,30,1,30
QLD,TUGUN,DISABILITIES|EMPLOYMENT|HEALTH|HOUSING|SUPPORT & COUNSELLING,-28.148669054153306,153.49040768066257,8,1,8
QLD,TULLY,HEALTH|HOUSING|LAW,-17.939756302828883,145.92768564120522,0,11,0
QLD,TULLY HEADS,HOUSING,-18.0155669451176,146.0560566044096,1,0,0
QLD,UMBIRAM,ALCOHOL & OTHER DRUGS|DISABILITIES|FAMILY VIOLENCE|HEALTH|HOUSING|LAW|MENTAL HEALTH,-27.6577198,151.7670738,1,0,0
QLD,UNDERWOOD,HOUSING,-27.608795536875107,153.1113434514954,8,1,8
QLD,UPPER CABOOLTURE,HOUSING|SUPPORT & COUNSELLING,-27.1042149,152.9176635,6,0,0
QLD,UPPER COOMERA,DISABILITIES|HEALTH|HOUSING|MENTAL HEALTH,-27.876853626781,153.28589145586596,40,1,40
QLD,UPPER KEDRON,HOUSING,-27.418412164033565,152.91672856372352,17,0,0
QLD,UPPER MOUNT GRAVATT,DISABILITIES|EMPLOYMENT|HEALTH|HOUSING|MENTAL HEALTH|SUPPORT & COUNSELLING,-27.553730193395335,153.08119507654314,52,9,5.777777777777778
QLD,URANGAN,DISABILITIES|HEALTH|HOUSING|MENTAL HEALTH,-25.297004724461186,152.89183009936207,6,3,2
QLD,URRAWEEN,FAMILY VIOLENCE|HOUSING|LAW|SUPPORT & COUNSELLING,-25.29749882289751,152.82149996739264,67,14,4.785714285714286
QLD,VARSITY LAKES,DISABILITIES|HOUSING|SUPPORT & COUNSELLING,-28.08890400637551,153.41097377874377,17,9,1.8888888888888888
QLD,VETERAN,HOUSING,-26.1618154,152.68653,2,0,0
QLD,VICTORIA PLAINS,HOUSING,-21.222911629427774,149.0128627902687,6,0,0
QLD,VICTORIA POINT,DISABILITIES|HEALTH|HOUSING|MENTAL HEALTH,-27.584280446968307,153.29239295854606,20,8,2.5
QLD,VILLENEUVE,HOUSING,-26.952118977919056,152.6314770333654,10,0,0
QLD,VINCENT,HOUSING|SUPPORT & COUNSELLING,-19.28337410693674,146.76464573538738,5,4,1.25
QLD,VIRGINIA,DISABILITIES|HEALTH|HOUSING|MENTAL HEALTH,-27.3853731,153.05807299999998,1,0,0
QLD,WACOL,DISABILITIES|HEALTH|HOUSING|MENTAL HEALTH,-27.586900158214778,152.92080491530584,17,4,4.25
QLD,WALKERSTON,HOUSING|SUPPORT & COUNSELLING,-21.158744518407783,149.06516093416346,4,0,0
QLD,WALLANGARRA,DISABILITIES|HEALTH|HOUSING|MENTAL HEALTH,-28.90107362342115,151.91553421588483,2,0,0
QLD,WALLOON,HOUSING,-27.6004654,152.6605171,2,0,0
QLD,WALLUMBILLA,DISABILITIES|HEALTH|HOUSING|SUPPORT & COUNSELLING,-26.591137045598252,149.18638760450884,0,1,0
QLD,WAMURAN,HOUSING|SUPPORT & COUNSELLING,-27.030325969722497,152.86877394191941,38,1,38
QLD,WAMURAN BASIN,HOUSING,-27.047802472581285,152.820840497527,3,0,0
QLD,WANDAL,HOUSING|SUPPORT & COUNSELLING,-23.3717827,150.4978565,9,0,0
QLD,WANDOAN,HOUSING,-26.11965027089286,149.9642998527996,2,0,0
QLD,WANGAN,HOUSING|SUPPORT & COUNSELLING,-17.57307170011276,146.00720572213044,4,0,0
QLD,WANGETTI,DISABILITIES|HOUSING,-16.664129604004412,145.56913672290744,3,0,0
QLD,WARANA,HOUSING,-26.722750400419656,153.12692760404786,0,2,0
QLD,WARNER,FAMILY VIOLENCE|HOUSING|LAW,-27.3015649,152.9500256,9,0,0
QLD,WARNUNG,HOUSING,-26.15359221420288,151.83447813086272,5,0,0
QLD,WARRAMI,HOUSING,-18.038572131454327,145.79035986906703,5,0,0
QLD,WARWICK,DISABILITIES|HOUSING|SUPPORT & COUNSELLING,-28.215731650565047,152.02816789683607,30,13,2.3076923076923075
QLD,WASHPOOL,HOUSING|SUPPORT & COUNSELLING,-27.838796936186167,152.76542836599452,36,0,0
QLD,WATERFORD,HOUSING,-27.70845139090259,153.14205140091616,91,0,0
QLD,WATERFORD WEST,HOUSING|SUPPORT & COUNSELLING,-27.69250262219382,153.12705508188697,15,0,0
QLD,WAVELL HEIGHTS,DISABILITIES|HEALTH|HOUSING|MENTAL HEALTH,-27.393885953427052,153.04697714201038,125,0,0
QLD,WEIPA AIRPORT,DISABILITIES|HOUSING|SUPPORT & COUNSELLING,-12.679569127428056,141.9249043170903,1,6,0.16666666666666666
QLD,WELLINGTON POINT,DISABILITIES|HEALTH|HOUSING|MENTAL HEALTH,-27.488052593981173,153.23952882552703,10,2,5
QLD,WELSBY,HOUSING,-26.986226562766955,153.12405464996607,0,1,0
QLD,WEST END,FAMILY VIOLENCE|HOUSING|LAW|SUPPORT & COUNSELLING,-27.483809738187226,153.0051869395484,96,24,4
QLD,WEST GLADSTONE,HOUSING,-23.858356356884123,151.24655013715062,2,0,0
QLD,WEST MACKAY,HOUSING|SUPPORT & COUNSELLING,-21.15094427019334,149.16177127911922,2,0,0
QLD,WEST ROCKHAMPTON,HOUSING,-23.383065649896704,150.48007885254992,133,0,0
QLD,WESTCOURT,HOUSING,-16.9304173151699,145.752942413738,2,9,0.2222222222222222
QLD,WESTLAKE,DISABILITIES|HEALTH|HOUSING|MENTAL HEALTH,-27.548416643689496,152.91268997135077,26,0,0
QLD,WHITFIELD,HOUSING,-16.895092820024892,145.73335033896848,0,4,0
QLD,WHITSUNDAYS,HOUSING,-20.203594830689777,149.55218836480603,1,0,0
QLD,WILLAWONG,HOUSING,-27.596320967632238,153.00650108371906,18,0,0
QLD,WILLOWBANK,HOUSING,-27.68216005539355,152.67406432016213,1,0,0
QLD,WILSONTON,DISABILITIES|HEALTH|HOUSING|MENTAL HEALTH|SUPPORT & COUNSELLING,-27.542682588197867,151.91656465595196,2,2,1
QLD,WILSONTON HEIGHTS,HOUSING,-27.5299567,151.9289498,15,0,0
QLD,WILSTON,ALCOHOL & OTHER DRUGS|DISABILITIES|HEALTH|HOUSING|MENTAL HEALTH|SUPPORT & COUNSELLING,-27.43465905860939,153.018734450505,14,2,7
QLD,WINDAROO,HOUSING,-27.74587661548351,153.193390293087,1,0,0
QLD,WINDSOR,DISABILITIES|HOUSING|SUPPORT & COUNSELLING,-27.43445292011366,153.03013861839474,6,3,2
QLD,WINFIELD,HOUSING,-24.56602624938982,152.0074416653683,2,0,0
QLD,WINTON,DISABILITIES|FOOD|HEALTH|HOUSING|MENTAL HEALTH|SUPPORT & COUNSELLING,-22.38310837614264,143.0399653262678,2,4,0.5
QLD,WISHART,HOUSING,-27.555040677536557,153.101199657794,141,3,47
QLD,WITHCOTT,HOUSING,-27.535643433056293,152.01424190396867,1,0,0
QLD,WOLFFDENE,HOUSING,-27.7751,153.1613,1,0,0
QLD,WONDAI,DISABILITIES|HEALTH|HOUSING|MENTAL HEALTH,-26.301342077711233,151.86115707330865,4,2,2
QLD,WONDECLA,DISABILITIES|HOUSING,-17.43024516489895,145.43912384085525,1,0,0
QLD,WOODBURY,HOUSING,-22.984633710168563,150.7215025297362,35,0,0
QLD,WOODEND,HOUSING,-27.605539719618683,152.75303577837573,1,1,1
QLD,WOODFORD,HOUSING,-26.946012160151813,152.8023925109778,3,0,0
QLD,WOODHILL,HOUSING|SUPPORT & COUNSELLING,-27.88735789341327,152.96900885333582,1,0,0
QLD,WOODRIDGE,FAMILY VIOLENCE|HOUSING|LAW|SUPPORT & COUNSELLING,-27.62845245254476,153.1056845327594,430,19,22.63157894736842
QLD,WOODY POINT,HOUSING|SUPPORT & COUNSELLING,-27.255056648737014,153.10241273156,17,2,8.5
QLD,WOOLGAR,HOUSING,-19.97470076929011,143.44301319400125,3,0,0
QLD,WOOLLOONGABBA,ALCOHOL & OTHER DRUGS|HEALTH|HOUSING|SUPPORT & COUNSELLING,-27.492937319993484,153.03684905377136,96,22,4.363636363636363
QLD,WOOLMER,HOUSING,-27.44924902271947,151.92026448070786,14,0,0
QLD,WOOLOOWIN,DISABILITIES|HOUSING,-27.41936906599325,153.04219299651663,5,4,1.25
QLD,WOOMBYE,DISABILITIES|HOUSING,-26.66088712602464,152.97617555134414,18,4,4.5
QLD,WOORABINDA,HOUSING,-24.135948941917604,149.44615902831833,3,5,0.6
QLD,WOORIM,HOUSING|SUPPORT & COUNSELLING,-27.05910546804007,153.18065374219466,2,0,0
QLD,WOREE,HOUSING,-16.959509136763124,145.74621880248873,18,2,9
QLD,WORONGARY,HOUSING,-28.0407481603876,153.3374200121562,8,0,0
QLD,WOWAN,DISABILITIES|HOUSING|SUPPORT & COUNSELLING,-23.950249693319087,150.153825645037,0,4,0
QLD,WULGURU,HOUSING,-19.327944669669844,146.8179576914772,4,2,2
QLD,WURTULLA,FAMILY VIOLENCE|HOUSING|LAW,-26.7591399,153.1246098,1,0,0
QLD,WYCOMBE,DISABILITIES|HEALTH|HOUSING|MENTAL HEALTH,-27.50319416395755,148.60274732760374,1,0,0
QLD,WYNNUM,HOUSING|SUPPORT & COUNSELLING,-27.438076571830386,153.16912871206952,55,14,3.9285714285714284
QLD,WYNNUM WEST,DISABILITIES|HEALTH|HOUSING|MENTAL HEALTH,-27.452255252544763,153.15178068402176,24,3,8
QLD,YALANGUR,DISABILITIES|HEALTH|HOUSING|MENTAL HEALTH,-27.418651238433313,151.81746237567737,1,0,0
QLD,YAMANTO,HOUSING,-27.66085065013592,152.75109515503578,9,0,0
QLD,YANDINA,DISABILITIES|FAMILY VIOLENCE|HEALTH|HOUSING|LAW|MENTAL HEALTH,-26.56467583515659,152.95733814347832,2,0,0
QLD,YAROOMBA,HOUSING,-26.54864502489805,153.09408667570375,5,0,0
QLD,YARRABAH,ALCOHOL & OTHER DRUGS|EMPLOYMENT|HEALTH|HOUSING,-16.995720420671393,145.89705425460772,0,5,0
QLD,YARRABILBA,FOOD|HOUSING|LAW|SUPPORT & COUNSELLING,-27.81640065998127,153.1162172680551,27,0,0
QLD,YARRAMAN,FAMILY VIOLENCE|HOUSING|LAW,-26.828178003652198,151.98626002452792,2,0,0
QLD,YATALA,DISABILITIES|HEALTH|HOUSING|MENTAL HEALTH,-27.753899337875694,153.21695942745154,2,0,0
QLD,YEERONGPILLY,HOUSING,-27.529581188857534,153.01226093725433,0,1,0
QLD,YELARBON,DISABILITIES|HEALTH|HOUSING|MENTAL HEALTH,-28.557093190545125,150.66834015368343,9,0,0
QLD,YEPPOON,DISABILITIES|HEALTH|HOUSING|MENTAL HEALTH|SUPPORT & COUNSELLING,-23.1235919740317,150.7633371619936,20,11,1.8181818181818181
QLD,YERONGA,FOOD|HOUSING,-27.51342211534761,153.01262580591893,15,2,7.5
QLD,YIMBUN,HOUSING,-27.02849910720998,152.36024700517345,4,0,0
QLD,YUNGABURRA,FAMILY VIOLENCE|HOUSING|LAW,-17.271496103490072,145.5969849807159,2,0,0
QLD,ZILLMERE,FAMILY VIOLENCE|HOUSING|LAW|SUPPORT & COUNSELLING,-27.358242506503082,153.03911195783752,51,3,17
QLD,ZILZIE,HOUSING,-23.29469294406931,150.81484631467387,14,0,0