State,Suburb,Reason for seeking support,lat,lon,Service Demand,Service Supply,Demand to Supply Ratio
SA,ABERFOYLE PARK,DISABILITIES|HEALTH|HOUSING|MENTAL HEALTH,-35.0705691346956,138.6011363160022,0,7,0
SA,ADELAIDE,HOUSING,-34.92849901844668,138.60074595108873,1603,94,17.0531914893617
SA,ADELAIDE AIRPORT,HOUSING,-34.94615524219779,138.53080516894477,13,0,0
SA,ALBERT PARK,HOUSING,-34.87624028613646,138.52147168174037,12,0,0
SA,ALBERTON,HOUSING,-34.85903637373542,138.51610961505327,2,0,0
SA,ALDGATE,DISABILITIES|HOUSING,-35.016333145820326,138.7394593518515,2,2,1
SA,ALDINGA,HOUSING,-35.27063637802032,138.48356430230865,51,5,10.2
SA,ALDINGA BEACH,EMPLOYMENT|HEALTH|HOUSING|LAW,-35.29319381324335,138.45830006634085,14,2,7
SA,ALLENBY GARDENS,DISABILITIES|HOUSING,-34.9016291404919,138.5543742835315,11,0,0
SA,AMATA,HOUSING|SUPPORT & COUNSELLING,-26.127661968751735,131.1738798902256,0,1,0
SA,ANDAMOOKA,HOUSING,-30.453596711318554,137.16496835113554,3,0,0
SA,ANGASTON,DISABILITIES|HEALTH|HOUSING|SUPPORT & COUNSELLING,-34.529841792565676,139.06224606923425,1,1,1
SA,ANGLE PARK,HOUSING,-34.85595693391271,138.5606127750472,0,3,0
SA,ANGLE VALE,HOUSING,-34.638588539981534,138.64975729302182,1,0,0
SA,ANNA CREEK,HOUSING,-28.754232998164266,136.20298628178074,1,0,0
SA,ARDROSSAN,HOUSING,-34.43814869208753,137.90125986488886,0,2,0
SA,ASHBOURNE,ALCOHOL & OTHER DRUGS|HEALTH|HOUSING|SUPPORT & COUNSELLING,-35.300014229887346,138.76359933533874,0,1,0
SA,ASHFORD,FAMILY VIOLENCE|HOUSING|LAW,-34.948668974997034,138.5743589550445,4,0,0
SA,ASHTON,HOUSING,-34.941361198824026,138.73611080604724,2,0,0
SA,ATHELSTONE,HOUSING|SUPPORT & COUNSELLING,-34.87148110607338,138.70543588970088,4,0,0
SA,ATHOL PARK,EMPLOYMENT|HOUSING|LAW|MENTAL HEALTH|SUPPORT & COUNSELLING,-34.85607418544853,138.5428240264765,0,3,0
SA,AUBURN,HOUSING,-34.029244431277824,138.67854319734968,1,0,0
SA,AUSTRALIA PLAINS,HOUSING,-34.086423621949955,139.17034728918995,15,0,0
SA,BALAKLAVA,DISABILITIES|HEALTH|HOUSING|MENTAL HEALTH,-34.14449662931898,138.42789698055628,7,9,0.7777777777777778
SA,BARMERA,DISABILITIES|HOUSING,-34.23322388649623,140.46633891276855,0,5,0
SA,BAROSSA,HOUSING,-34.62967823888039,138.8846810521457,1,0,0
SA,BEDFORD PARK,HEALTH|HOUSING|SUPPORT & COUNSELLING,-35.02343039243535,138.5698338497451,0,1,0
SA,BELAIR,DISABILITIES|HOUSING,-35.00645594404022,138.64363784565793,5,4,1.25
SA,BELLEVUE HEIGHTS,DISABILITIES|HEALTH|HOUSING|MENTAL HEALTH,-35.03022960001099,138.58313317062738,1,2,0.5
SA,BERRI,HEALTH|HOUSING|LAW|SUPPORT & COUNSELLING,-34.27704536391696,140.6077320632887,12,16,0.75
SA,BEULAH PARK,DISABILITIES|HEALTH|HOUSING|MENTAL HEALTH,-34.91767942580654,138.6452201097162,0,4,0
SA,BLACK FOREST,HOUSING,-34.96028204212952,138.57667186122794,9,0,0
SA,BLACK HILL,HOUSING,-34.694393547385125,139.48114209083437,3,0,0
SA,BLACKFELLOWS CREEK,HOUSING,-35.252192632677584,138.70973284661224,1,0,0
SA,BLACKWOOD,HOUSING,-35.0318487,138.6069925,4,0,0
SA,BLAIR ATHOL,HOUSING|SUPPORT & COUNSELLING,-34.85924648529254,138.59654156898804,7,3,2.3333333333333335
SA,BLAKEVIEW,FAMILY VIOLENCE|HOUSING|LAW,-34.675634942753184,138.71005075031374,12,0,0
SA,BLANCHE HARBOR,HOUSING,-32.69008919240852,137.75411073559118,19,0,0
SA,BLANCHETOWN,HOUSING,-34.31683084072354,139.52880507293187,1,0,0
SA,BLEWITT SPRINGS,HOUSING,-35.16867894520337,138.5945566914067,0,1,0
SA,BOLIVAR,HOUSING,-34.77156749279325,138.57220484087384,10,0,0
SA,BOOLEROO CENTRE,DISABILITIES|HEALTH|HOUSING|MENTAL HEALTH,-32.865849794846106,138.34897777700562,0,3,0
SA,BOORS PLAIN,HOUSING,-34.043314771527015,137.70057817224802,8,0,0
SA,BORDERTOWN,DISABILITIES|HEALTH|HOUSING|SUPPORT & COUNSELLING,-36.32179128112874,140.77544828769868,3,4,0.75
SA,BOWDEN,HOUSING|SUPPORT & COUNSELLING,-34.90291003000756,138.57998114873996,0,6,0
SA,BOWILLIA,HOUSING,-33.934592899772795,138.41323827132038,5,0,0
SA,BRIDGEWATER,HOUSING,-35.01588132411852,138.76776056080755,5,0,0
SA,BRIGHTON,DISABILITIES|HEALTH|HOUSING,-35.01844642866484,138.52228224371075,0,2,0
SA,BROADVIEW,HOUSING,-34.875940588319125,138.6150131158048,5,1,5
SA,BROMPTON,HOUSING|SUPPORT & COUNSELLING,-34.89833163232351,138.5756754117721,3,10,0.3
SA,BUCKLAND PARK,HOUSING,-34.688321842769014,138.49962962571203,2,0,0
SA,BUMBUNGA,HOUSING|SUPPORT & COUNSELLING,-33.90876493578448,138.23003810667612,9,0,0
SA,BUNBURY,HOUSING,-36.16406383763656,139.9801626113897,1,0,0
SA,BUNDALEER NORTH,DISABILITIES|HOUSING,-33.27950872669069,138.59416709472333,2,0,0
SA,BURNSIDE,HEALTH|HOUSING,-34.94007907039703,138.6666116026073,0,1,0
SA,BURRA,HOUSING|SUPPORT & COUNSELLING,-33.68501463515218,138.95322149884697,0,2,0
SA,BURTON,HOUSING,-34.737698434009516,138.6000845039702,2,2,1
SA,CALTOWIE,HOUSING,-33.20064744256059,138.4912468946296,1,0,0
SA,CAMPBELLTOWN,HOUSING,-34.88136842618145,138.66085674245096,5,9,0.5555555555555556
SA,CANNAWIGARA,HOUSING|SUPPORT & COUNSELLING,-36.26755054088627,140.64960081237936,3,0,0
SA,CAPE BORDA,DISABILITIES|HEALTH|HOUSING|MENTAL HEALTH,-35.75426516625491,136.72515832943583,2,0,0
SA,CEDUNA,HEALTH|HOUSING|LAW,-32.046762267038005,133.62462482018995,3,6,0.5
SA,CHANDLERS HILL,DISABILITIES|HEALTH|HOUSING|MENTAL HEALTH,-35.0865437859667,138.61696183622033,41,0,0
SA,CHRISTIE DOWNS,HOUSING,-35.129829523189734,138.49634157801336,28,9,3.111111111111111
SA,CHRISTIES BEACH,FAMILY VIOLENCE|HOUSING|LAW|SUPPORT & COUNSELLING,-35.13475913070706,138.4775988703222,60,16,3.75
SA,CLAPHAM,HOUSING,-34.990157831725625,138.60500805537757,6,0,0
SA,CLARE,DISABILITIES|HEALTH|HOUSING|SUPPORT & COUNSELLING,-33.83980060094895,138.6127528994865,15,8,1.875
SA,CLARENCE GARDENS,HOUSING,-34.97135872,138.57548114,6,0,0
SA,CLARENCE PARK,HOUSING,-34.963984739162306,138.58364869280712,0,1,0
SA,CLAYTON BAY,HOUSING,-35.47149127805756,138.91385700744337,1,0,0
SA,CLEARVIEW,HOUSING,-34.8573929793425,138.61376872748048,2,0,0
SA,CLEVE,DISABILITIES|HOUSING|SUPPORT & COUNSELLING,-33.702950876213244,136.52200281734744,0,4,0
SA,COCKBURN,FOOD|HOUSING,-32.07406624764711,140.9581071033344,1,0,0
SA,COMPTON,HOUSING|SUPPORT & COUNSELLING,-37.81508136103958,140.6755159100921,0,4,0
SA,COOBER PEDY,HOUSING|MENTAL HEALTH,-28.952892581759585,134.87083144960903,5,10,0.5
SA,COOBOWIE,HOUSING|SUPPORT & COUNSELLING,-35.03626717795217,137.72259102830594,1,0,0
SA,COWANDILLA,DISABILITIES|HEALTH|HOUSING|MENTAL HEALTH,-34.93246929367459,138.5569210521841,2,2,1
SA,COWELL,HOUSING|SUPPORT & COUNSELLING,-33.70964084836398,136.82151480470947,0,1,0
SA,CRADOCK,HOUSING,-32.10031968226239,138.56974534197488,2,0,0
SA,CRAFERS,FAMILY VIOLENCE|HOUSING|LAW,-34.988308371351145,138.71472284308868,2,0,0
SA,CRAIGBURN FARM,HOUSING,-35.040454437735,138.60486937078113,4,0,0
SA,CRAIGMORE,DISABILITIES|HEALTH|HOUSING|MENTAL HEALTH,-34.70065111716664,138.70954029876086,2,2,1
SA,CROWN POINT,HOUSING,-26.09784493970007,134.74819127845896,2,0,0
SA,CROYDON,DISABILITIES|HEALTH|HOUSING|MENTAL HEALTH,-34.89517147388018,138.56556082846822,2,0,0
SA,CROYDON PARK,DISABILITIES|HEALTH|HOUSING|MENTAL HEALTH,-34.880258180762816,138.56748750081678,47,7,6.714285714285714
SA,CRYSTAL BROOK,DISABILITIES|HEALTH|HOUSING|MENTAL HEALTH,-33.36779590895872,138.20288781006832,0,4,0
SA,CUMMINS,HOUSING|SUPPORT & COUNSELLING,-34.27068367951174,135.64314208481767,0,2,0
SA,DARLINGTON,HOUSING,-35.03301959582917,138.55628363194364,3,1,3
SA,DAVOREN PARK,DISABILITIES|HEALTH|HOUSING,-34.69108106017591,138.66839638144944,12,5,2.4
SA,DAW PARK,DISABILITIES|HEALTH|HOUSING|MENTAL HEALTH,-34.9853864251453,138.58777292310822,3,5,0.6
SA,DERNANCOURT,HOUSING|SUPPORT & COUNSELLING,-34.86199129897005,138.67658455619474,11,0,0
SA,DRY CREEK,HOUSING,-34.814808416331104,138.56707468475815,6,0,0
SA,DUDLEY PARK,HEALTH|HOUSING|MENTAL HEALTH|SUPPORT & COUNSELLING,-34.8800802579883,138.5791761051558,2,1,2
SA,DULWICH,HOUSING,-34.9388183,138.6273179,62,0,0
SA,EASTWOOD,HOUSING,-34.9435382,138.6245968,55,0,0
SA,ECHUNGA,HOUSING,-35.09814108842414,138.80289035028574,5,0,0
SA,EDINBURGH NORTH,ALCOHOL & OTHER DRUGS|DISABILITIES|EMPLOYMENT|HEALTH|HOUSING|LAW|MENTAL HEALTH|SUPPORT & COUNSELLING,-34.70432848709241,138.65812209930868,80,1,80
SA,EDWARDSTOWN,HOUSING|SUPPORT & COUNSELLING,-34.98021889947533,138.56941459246863,10,1,10
SA,ELIZABETH,HOUSING|SUPPORT & COUNSELLING,-34.720254566192324,138.66930762318967,265,12,22.083333333333332
SA,ELIZABETH DOWNS,DISABILITIES|HOUSING,-34.699340620812094,138.6936386142553,17,0,0
SA,ELIZABETH EAST,HOUSING|SUPPORT & COUNSELLING,-34.726022416944325,138.68150959803765,0,10,0
SA,ELIZABETH GROVE,HOUSING,-34.73619011886518,138.67030247751867,117,0,0
SA,ELIZABETH NORTH,HOUSING,-34.70085434540494,138.67697454470783,8,1,8
SA,ELIZABETH PARK,HOUSING|SUPPORT & COUNSELLING,-34.712327461367124,138.6851974921224,2,3,0.6666666666666666
SA,ELIZABETH SOUTH,FAMILY VIOLENCE|HOUSING|LAW|SUPPORT & COUNSELLING,-34.74109606743246,138.65643341284382,1,1,1
SA,ELIZABETH VALE,EMPLOYMENT|HEALTH|HOUSING|LAW|SUPPORT & COUNSELLING,-34.748981373811155,138.66764508056642,0,3,0
SA,ELLISTON,EMPLOYMENT|HEALTH|HOUSING|LAW,-33.621933618072184,134.91455391818786,0,1,0
SA,ENCOUNTER BAY,DISABILITIES|HEALTH|HOUSING|MENTAL HEALTH,-35.57789135677024,138.5949536019999,0,2,0
SA,ENFIELD,HOUSING,-34.86064839242715,138.60538245796783,34,6,5.666666666666667
SA,EUDUNDA,HOUSING|SUPPORT & COUNSELLING,-34.172235507496424,139.10119337940492,0,2,0
SA,EVANSTON,DISABILITIES|HEALTH|HOUSING|MENTAL HEALTH,-34.62070285986124,138.7320336089917,10,0,0
SA,EVANSTON GARDENS,HOUSING,-34.62811962223141,138.7199322033432,2,0,0
SA,EVANSTON PARK,HOUSING,-34.6309111893761,138.74560372799326,9,0,0
SA,EVERARD PARK,HOUSING,-34.95414181571788,138.57467549210423,0,6,0
SA,FAIRVIEW PARK,FAMILY VIOLENCE|HOUSING|LAW,-34.80044706831053,138.72894797683256,1,0,0
SA,FELIXSTOW,DISABILITIES|HEALTH|HOUSING|MENTAL HEALTH,-34.88902350139265,138.6469629368126,1,3,0.3333333333333333
SA,FINDON,HOUSING,-34.8995242117009,138.53219144728715,38,0,0
SA,FISHERMAN BAY,DISABILITIES|HEALTH|HOUSING|MENTAL HEALTH,-33.55627173699917,137.9372530947652,8,0,0
SA,FITZROY,DISABILITIES|HEALTH|HOUSING|MENTAL HEALTH,-34.89693729429966,138.59128620668295,0,2,0
SA,FLAGSTAFF HILL,HOUSING|LAW,-35.048644011879155,138.58522202581779,0,3,0
SA,FORDS,HOUSING|SUPPORT & COUNSELLING,-34.39311366079733,138.86710294065412,4,0,0
SA,FORSTER,HOUSING|SUPPORT & COUNSELLING,-34.73580902594248,139.56329558566827,3,0,0
SA,FREELING,HEALTH|HOUSING,-34.44750993733493,138.81312440257327,0,2,0
SA,FULHAM,HEALTH|HOUSING,-34.92737477475422,138.51366308983242,11,2,5.5
SA,FULHAM GARDENS,HOUSING,-34.91483851919656,138.51323335718152,7,0,0
SA,FULLARTON,DISABILITIES|HOUSING|SUPPORT & COUNSELLING,-34.95405296550578,138.6263469007031,61,11,5.545454545454546
SA,GARDEN ISLAND,FAMILY VIOLENCE|HOUSING|LAW,-34.807513785728034,138.53608459013154,1,0,0
SA,GAWLER,DISABILITIES|HOUSING,-34.597351761806635,138.74487969785855,29,7,4.142857142857143
SA,GAWLER BELT,FAMILY VIOLENCE|HOUSING|LAW,-34.57198197238925,138.7287980534228,1,0,0
SA,GAWLER EAST,HEALTH|HOUSING|SUPPORT & COUNSELLING,-34.60268453811858,138.76441787527028,0,2,0
SA,GAWLER SOUTH,HOUSING|SUPPORT & COUNSELLING,-34.61137117320492,138.74984162404775,0,2,0
SA,GAWLER WEST,DISABILITIES|HEALTH|HOUSING|MENTAL HEALTH,-34.60439507942696,138.73400939172333,1,0,0
SA,GERANIUM PLAINS,HOUSING,-33.97708060922191,139.21540065047924,1,0,0
SA,GILBERTON,DISABILITIES|HOUSING,-34.90046843979625,138.61261761779033,3,0,0
SA,GILLES PLAINS,HEALTH|HOUSING,-34.8500462021047,138.65907599960983,28,5,5.6
SA,GLADSTONE,HOUSING,-33.267531870314876,138.37009452008522,3,0,0
SA,GLANVILLE,HOUSING,-34.844109853813855,138.49089127769614,50,0,0
SA,GLEN OSMOND,HEALTH|HOUSING,-34.95953375487169,138.64891879812083,1,3,0.3333333333333333
SA,GLENALTA,HOUSING|SUPPORT & COUNSELLING,-35.01193033958898,138.62822072423634,3,0,0
SA,GLENELG,HOUSING,-34.980481394044965,138.5144141999006,3,10,0.3
SA,GLENELG EAST,DISABILITIES|HEALTH|HOUSING|MENTAL HEALTH,-34.98164485843186,138.52578714186933,1,0,0
SA,GLENELG NORTH,FAMILY VIOLENCE|HOUSING|LAW,-34.96875518234764,138.51787399036573,16,0,0
SA,GLENGOWRIE,HOUSING,-34.98736761944097,138.5335440346718,4,2,2
SA,GLENSIDE,DISABILITIES|HEALTH|HOUSING|MENTAL HEALTH|SUPPORT & COUNSELLING,-34.94274509148906,138.63375254002307,2,1,2
SA,GLOSSOP,HOUSING,-34.28119838174728,140.54890038562286,1,0,0
SA,GLYNDE,HOUSING,-34.896047112062845,138.6525310925589,0,4,0
SA,GOLDEN GROVE,DISABILITIES|HEALTH|HOUSING|MENTAL HEALTH,-34.777373063074684,138.72906730624126,28,0,0
SA,GOODWOOD,DISABILITIES|HEALTH|HOUSING|MENTAL HEALTH|SUPPORT & COUNSELLING,-34.951085173810775,138.5924655366028,4,5,0.8
SA,GOOLWA,DISABILITIES|HEALTH|HOUSING|MENTAL HEALTH,-35.49000589008991,138.767614900486,10,6,1.6666666666666667
SA,GRANGE,HOUSING,-34.89587744554734,138.49740287184744,0,6,0
SA,GULFVIEW HEIGHTS,HOUSING|SUPPORT & COUNSELLING,-34.7873152,138.6670954,3,0,0
SA,GUMERACHA,DISABILITIES|HEALTH|HOUSING,-34.82713052674899,138.89301199563133,0,3,0
SA,HACKHAM,HOUSING,-35.15508996783176,138.52442160955295,6,2,3
SA,HACKHAM WEST,HOUSING,-35.142395785673706,138.5151403930132,30,0,0
SA,HAHNDORF,DISABILITIES|HEALTH|HOUSING|MENTAL HEALTH,-35.03353573786517,138.81013656029387,1,5,0.2
SA,HAMLEY BRIDGE,DISABILITIES|HEALTH|HOUSING,-34.35223068529594,138.66501545159426,0,4,0
SA,HANSBOROUGH,HOUSING,-34.262650220770446,139.0646984968841,1,0,0
SA,HAPPY VALLEY,DISABILITIES|HEALTH|HOUSING|MENTAL HEALTH,-35.07658990274136,138.57574163996648,5,3,1.6666666666666667
SA,HAWKER,FAMILY VIOLENCE|HOUSING|LAW,-31.856525163089973,138.4700549793093,1,0,0
SA,HAWTHORN,HOUSING,-34.97098498899753,138.6041257523254,1,1,1
SA,HAWTHORNDENE,FAMILY VIOLENCE|HOUSING|LAW,-35.0241599,138.6277368,6,0,0
SA,HAZELWOOD PARK,HOUSING,-34.939268520595455,138.65614298870494,20,0,0
SA,HEATHFIELD,DISABILITIES|HEALTH|HOUSING,-35.02829018411173,138.71686263719343,0,1,0
SA,HECTORVILLE,HOUSING,-34.893058062974006,138.6656811613753,2,0,0
SA,HENDON,DISABILITIES|HEALTH|HOUSING|MENTAL HEALTH,-34.87445986395654,138.51516889542665,0,3,0
SA,HENLEY BEACH,HOUSING,-34.91593628103351,138.49868099505804,9,2,4.5
SA,HIGHBURY,HOUSING,-34.85206063784073,138.71787230984373,13,0,0
SA,HIGHGATE,HOUSING,-34.96164356587727,138.62167413454458,0,1,0
SA,HIGHLAND VALLEY,HOUSING,-35.167501102479086,138.92991238708106,13,0,0
SA,HILLCREST,EMPLOYMENT|HEALTH|HOUSING|LAW,-34.8625205884536,138.64305778554194,0,1,0
SA,HILLIER,HOUSING,-34.62336714195059,138.69490425398777,7,0,0
SA,HILTON,FAMILY VIOLENCE|HEALTH|HOUSING|LAW,-34.932144156533,138.56583431052798,1,1,1
SA,HINDMARSH,HOUSING|SUPPORT & COUNSELLING,-34.906643608572196,138.56994580806196,25,5,5
SA,HINDMARSH ISLAND,HOUSING,-35.51665252014776,138.87539703555797,6,0,0
SA,HOLDEN HILL,FAMILY VIOLENCE|HOUSING|LAW,-34.85161204584214,138.67230736254874,9,0,0
SA,HOLDER,HOUSING,-34.17290532202642,140.02496274948,9,0,0
SA,HOPE VALLEY,HOUSING,-34.84537637507896,138.69601763576085,20,7,2.857142857142857
SA,HOVE,DISABILITIES|HEALTH|HOUSING|MENTAL HEALTH,-35.011200119253935,138.52263580645325,2,5,0.4
SA,HUMBUG SCRUB,DISABILITIES|HEALTH|HOUSING|MENTAL HEALTH,-34.72099982688335,138.81433595496645,0,2,0
SA,HUNTFIELD HEIGHTS,HOUSING,-35.1545430791315,138.51407731412226,10,2,5
SA,HYDE PARK,HOUSING,-34.95655482520792,138.60294149579008,4,0,0
SA,INGLE FARM,DISABILITIES|HEALTH|HOUSING|MENTAL HEALTH,-34.82759379942733,138.64544499886426,36,7,5.142857142857143
SA,IRONBANK,HOUSING,-35.04279369012433,138.68773863204873,0,1,0
SA,JAMESTOWN,HEALTH|HOUSING|SUPPORT & COUNSELLING,-33.163042552586774,138.59357763119263,0,5,0
SA,JOSLIN,HOUSING,-34.899674085486915,138.6265531867543,27,2,13.5
SA,KADINA,HEALTH|HOUSING|LAW,-33.95727295607591,137.7176273377207,10,8,1.25
SA,KALKAROO,HOUSING,-31.776816020998737,140.56069163148757,2,0,0
SA,KALTJITI,HOUSING|SUPPORT & COUNSELLING,-26.767132952374997,132.0298903026805,32,0,0
SA,KANGARILLA,HOUSING|LAW,-35.15259797220602,138.67018050226116,0,1,0
SA,KAPUNDA,HOUSING,-34.32989074897708,138.90160593042665,6,1,6
SA,KAROONDA,HOUSING|SUPPORT & COUNSELLING,-35.144543134951086,139.9373085664942,0,1,0
SA,KEITH,DISABILITIES|HEALTH|HOUSING|MENTAL HEALTH,-36.14346772507962,140.3425864089041,0,3,0
SA,KENT TOWN,HOUSING,-34.921561633440795,138.62010045634617,12,1,12
SA,KERSBROOK,HOUSING,-34.750747895170285,138.8605046848116,1,0,0
SA,KESWICK,HEALTH|HOUSING|SUPPORT & COUNSELLING,-34.944389079705225,138.57759726028252,0,2,0
SA,KIDMAN PARK,HOUSING,-34.91224482967784,138.52692869313643,8,0,0
SA,KILBURN,HOUSING|SUPPORT & COUNSELLING,-34.85968383007697,138.58557855237967,37,2,18.5
SA,KILKENNY,HOUSING,-34.87916611285538,138.55289085491444,14,1,14
SA,KIMBA,HOUSING|SUPPORT & COUNSELLING,-33.13564913478878,136.41221977169067,0,2,0
SA,KINGS PARK,HOUSING|SUPPORT & COUNSELLING,-34.963586783894016,138.59273106563828,0,1,0
SA,KINGSCOTE,DISABILITIES|HOUSING,-35.65521832469526,137.60570845007305,0,1,0
SA,KINGSTON SE,HOUSING,-36.83839108643844,139.91503661818064,0,4,0
SA,KINGSWOOD,DISABILITIES|HEALTH|HOUSING|MENTAL HEALTH,-34.97081990963553,138.61381345684876,0,7,0
SA,KLEMZIG,HOUSING,-34.87896473895474,138.63860742556724,13,5,2.6
SA,KOONIBBA,HOUSING|SUPPORT & COUNSELLING,-31.8889063865382,133.45362252961257,0,1,0
SA,KORUNYE,HOUSING,-34.530670578471664,138.5162708204541,1,0,0
SA,KYEEMA,DISABILITIES|HEALTH|HOUSING|MENTAL HEALTH,-35.27658560342899,138.67504953020648,2,0,0
SA,LAFFER,HOUSING,-36.181635847564394,140.15220661671154,2,0,0
SA,LAMEROO,HOUSING|SUPPORT & COUNSELLING,-35.28359062721135,140.46092390029116,1,1,1
SA,LARGS BAY,DISABILITIES|HEALTH|HOUSING|MENTAL HEALTH,-34.826686020121436,138.49380369515956,9,4,2.25
SA,LARGS NORTH,DISABILITIES|HEALTH|HOUSING|MENTAL HEALTH,-34.816835822809225,138.50148656805226,1,2,0.5
SA,LAURA,HEALTH|HOUSING,-33.169758868684525,138.29692594335768,0,1,0
SA,LEABROOK,DISABILITIES|HEALTH|HOUSING|MENTAL HEALTH,-34.92970250685546,138.65511071346828,2,3,0.6666666666666666
SA,LIGHTSVIEW,DISABILITIES|HEALTH|HOUSING|MENTAL HEALTH,-34.86195428206418,138.62732081372445,27,0,0
SA,LINDEN PARK,HEALTH|HOUSING,-34.94359305493722,138.64727484008955,0,3,0
SA,LOBETHAL,HOUSING|SUPPORT & COUNSELLING,-34.90155555978279,138.87397581691823,1,2,0.5
SA,LOCHIEL,DISABILITIES|HEALTH|HOUSING|MENTAL HEALTH,-33.92360945568461,138.14327511812473,1,0,0
SA,LOCKLEYS,HOUSING|SUPPORT & COUNSELLING,-34.925031064609094,138.5309405791756,19,4,4.75
SA,LONSDALE,DISABILITIES|HEALTH|HOUSING|MENTAL HEALTH,-35.106639672605795,138.4923357210917,4,0,0
SA,LOVEDAY,HOUSING,-34.29698572180727,140.41915434793418,3,0,0
SA,LOWER MITCHAM,HOUSING,-34.98099438879409,138.60569104915797,0,1,0
SA,LOXTON,DISABILITIES|HEALTH|HOUSING,-34.47465757590201,140.59178510330065,2,10,0.2
SA,LOXTON NORTH,HOUSING,-34.41002309838982,140.61872156386687,15,0,0
SA,LYNDOCH,HOUSING,-34.59302870096603,138.88167328047751,3,0,0
SA,LYRUP,DISABILITIES|HEALTH|HOUSING|MENTAL HEALTH,-34.26695380341346,140.6666949692305,7,0,0
SA,MACDONALD PARK,HOUSING,-34.67001551770892,138.6407699372004,1,0,0
SA,MAGILL,HOUSING,-34.909113666505036,138.67497610138108,4,6,0.6666666666666666
SA,MAITLAND,DISABILITIES|HEALTH|HOUSING|MENTAL HEALTH,-34.34403932602864,137.67824354214514,2,1,2
SA,MALLALA,DISABILITIES|HEALTH|HOUSING|MENTAL HEALTH,-34.4368007579986,138.49278628727328,2,1,2
SA,MALVERN,DISABILITIES|HEALTH|HOUSING|MENTAL HEALTH,-34.95915111840262,138.61253674215413,0,2,0
SA,MANNINGHAM,HOUSING,-34.87719559921306,138.62195236472544,1,5,0.2
SA,MANNUM,HOUSING|SUPPORT & COUNSELLING,-34.85285087992274,139.33093322760303,9,2,4.5
SA,MARCOLLAT,HOUSING,-36.56421891424624,140.33511754207186,1,0,0
SA,MARDEN,DISABILITIES|HOUSING|SUPPORT & COUNSELLING,-34.8925622416682,138.63475784743824,2,2,1
SA,MARION,HOUSING,-35.00636856009452,138.5534975993308,14,8,1.75
SA,MARION BAY,HOUSING,-35.16128590634359,137.0400612089927,4,0,0
SA,MARLESTON,DISABILITIES|HEALTH|HOUSING|MENTAL HEALTH,-34.94534463464724,138.56162759839376,4,2,2
SA,MAWSON LAKES,DISABILITIES|HEALTH|HOUSING|MENTAL HEALTH,-34.81047191905805,138.61117336526402,48,3,16
SA,MAYLANDS,DISABILITIES|HEALTH|HOUSING|MENTAL HEALTH,-34.91128016041491,138.63671130457772,10,0,0
SA,MCCRACKEN,HOUSING,-35.535982459625515,138.63133194496896,13,2,6.5
SA,MCLAREN FLAT,DISABILITIES|HEALTH|HOUSING|MENTAL HEALTH,-35.199436008244454,138.61263758816656,9,0,0
SA,MCLAREN VALE,DISABILITIES|HEALTH|HOUSING|MENTAL HEALTH,-35.21020702773564,138.54685261286465,1,6,0.16666666666666666
SA,MEADOWS,DISABILITIES|HEALTH|HOUSING|MENTAL HEALTH,-35.17432950533865,138.75539375247408,1,0,0
SA,MEDINDIE,HOUSING,-34.89733621536517,138.60490027614816,15,0,0
SA,MELROSE PARK,HOUSING|SUPPORT & COUNSELLING,-34.98526949683203,138.57869581479687,1,0,0
SA,MELTON,HOUSING,-34.07548198452157,137.9778213534325,1,0,0
SA,MENINGIE,HOUSING,-35.73322871957662,139.38460573196193,1,2,0.5
SA,MIDDLETON,HOUSING,-35.484377536522864,138.71053844739163,2,0,0
SA,MILANG,HOUSING,-35.402848643563715,138.9484871170391,1,0,0
SA,MILE END,HOUSING,-34.9263479920522,138.57111240478164,13,2,6.5
SA,MILE END SOUTH,DISABILITIES|HEALTH|HOUSING|MENTAL HEALTH,-34.93695572460117,138.57392278685808,18,0,0
SA,MILLICENT,HOUSING,-37.61016553700987,140.34408792348663,2,9,0.2222222222222222
SA,MILLSWOOD,HOUSING,-34.9586602,138.5933162,3,0,0
SA,MIMILI,HOUSING,-27.023925131395853,132.70129226105334,0,1,0
SA,MINLATON,HOUSING,-34.80026890446546,137.57781604400145,0,4,0
SA,MITCHAM,DISABILITIES|HEALTH|HOUSING|MENTAL HEALTH,-34.98423012547309,138.6230279936163,1,0,0
SA,MITCHELL PARK,HOUSING,-35.005066608575085,138.56232126678225,0,2,0
SA,MOANA,HOUSING|LAW,-35.20811995201528,138.47388038991178,41,1,41
SA,MODBURY,HEALTH|HOUSING|SUPPORT & COUNSELLING,-34.83390521346345,138.685108695734,26,6,4.333333333333333
SA,MODBURY HEIGHTS,HOUSING|SUPPORT & COUNSELLING,-34.81208004704089,138.68233890442033,60,0,0
SA,MODBURY NORTH,FOOD|HOUSING,-34.823163746251176,138.6810794148637,6,1,6
SA,MOONTA,DISABILITIES|HEALTH|HOUSING,-34.06922304022113,137.58510354675218,1,4,0.25
SA,MOONTA BAY,FAMILY VIOLENCE|HOUSING|LAW,-34.054363005446696,137.5695361648059,2,0,0
SA,MORPHETT VALE,HOUSING|SUPPORT & COUNSELLING,-35.12101793683149,138.5275751710837,15,13,1.1538461538461537
SA,MORPHETTVILLE,HOUSING,-34.9846295517775,138.54304479656392,31,4,7.75
SA,MOUNT BARKER,HOUSING,-35.08090394331087,138.8634633267449,7,11,0.6363636363636364
SA,MOUNT BARKER JUNCTION,HOUSING,-35.025750840453455,138.8686090645509,22,0,0
SA,MOUNT COMPASS,HOUSING,-35.35946029617127,138.5951179471395,3,0,0
SA,MOUNT GAMBIER,HOUSING,-37.82842174256621,140.78035467276305,44,31,1.4193548387096775
SA,MOUNT MAGNIFICENT,HOUSING,-35.3104426156967,138.6965342638536,4,0,0
SA,MULLAQUANA,HOUSING,-33.05754209163543,137.53251639458392,39,0,0
SA,MUNNO PARA,HOUSING,-34.68584287871366,138.67778508944758,10,0,0
SA,MUNNO PARA DOWNS,HOUSING,-34.64740838835646,138.68609744558856,43,0,0
SA,MUNNO PARA WEST,HOUSING,-34.657273090539256,138.66979652552655,2,0,0
SA,MURRAY BRIDGE,ALCOHOL & OTHER DRUGS|HEALTH|HOUSING|SUPPORT & COUNSELLING,-35.13114865431678,139.26509239800396,34,30,1.1333333333333333
SA,MURRAY BRIDGE EAST,HOUSING,-35.11730691497275,139.31324607264867,2,0,0
SA,MURRAY BRIDGE SOUTH,DISABILITIES|HOUSING,-35.166274443648064,139.27665114838038,0,1,0
SA,MYRTLE BANK,DISABILITIES|HEALTH|HOUSING|MENTAL HEALTH,-34.96057241531316,138.6337860855782,16,9,1.7777777777777777
SA,NAILSWORTH,HOUSING,-34.88436778092798,138.60618670404682,6,0,0
SA,NANGWARRY,HOUSING,-37.5452207,140.8180004,11,0,0
SA,NARACOORTE,HOUSING|SUPPORT & COUNSELLING,-36.946536350884664,140.74309295288023,3,19,0.15789473684210525
SA,NARRIDY,HOUSING,-33.422501264043056,138.31549903365203,1,0,0
SA,NARRUNG,HOUSING|SUPPORT & COUNSELLING,-35.581355040886095,139.158851205664,2,0,0
SA,NECTAR BROOK,HOUSING,-32.71090939147326,137.99916299390148,2,0,0
SA,NETLEY,DISABILITIES|HOUSING,-34.94936712908984,138.54919360479965,0,3,0
SA,NEW TOWN,HOUSING,-33.95386690733087,137.6946334417559,1,0,0
SA,NEW WELL,FAMILY VIOLENCE|HOUSING|LAW,-34.3734507393044,139.90411596225388,1,0,0
SA,NEWTON,HOUSING,-34.882029059087074,138.68240415225915,17,0,0
SA,NOARLUNGA,HOUSING,-35.07723342715813,138.60476666991707,10,0,0
SA,NOARLUNGA CENTRE,HOUSING|SUPPORT & COUNSELLING,-35.14089615032368,138.4961128702395,5,12,0.4166666666666667
SA,NOARLUNGA DOWNS,HOUSING,-35.15665090947682,138.49845170306526,0,2,0
SA,NORTH ADELAIDE,HEALTH|HOUSING|SUPPORT & COUNSELLING,-34.908434663795305,138.59537071259763,26,8,3.25
SA,NORTH HAVEN,HOUSING,-34.78716109673486,138.49059977413225,16,0,0
SA,NORTH PLYMPTON,HOUSING,-34.95576056047673,138.54952630161836,8,8,1
SA,NORTHFIELD,HOUSING,-34.84837693655442,138.6261289459204,5,1,5
SA,NORTHGATE,DISABILITIES|HEALTH|HOUSING,-34.85257892526478,138.63121550044357,2,1,2
SA,NORWOOD,HOUSING,-34.9213466227019,138.6320882640747,16,5,3.2
SA,NULLARBOR,DISABILITIES|HEALTH|HOUSING|MENTAL HEALTH,-31.056130648691813,130.47904307295212,6,0,0
SA,NURIOOTPA,HOUSING,-34.46567370365122,138.9830361365642,2,3,0.6666666666666666
SA,NURRAGI,FAMILY VIOLENCE|HOUSING|LAW,-35.35706358799615,138.9100075438658,1,0,0
SA,O'SULLIVAN BEACH,HOUSING,-35.12105728110996,138.47595086187002,13,0,0
SA,OAKDEN,DISABILITIES|HOUSING,-34.852776340506125,138.64328885797778,1,3,0.3333333333333333
SA,OAKLANDS PARK,HOUSING|SUPPORT & COUNSELLING,-35.00669280094487,138.54456269334955,16,13,1.2307692307692308
SA,OLD CALPERUM,DISABILITIES|HEALTH|HOUSING|MENTAL HEALTH,-34.221678685266916,140.6837563272334,6,0,0
SA,OLD NOARLUNGA,HOUSING,-35.18272310070244,138.50366715344566,27,0,0
SA,OLD REYNELLA,HOUSING,-35.09683866002785,138.5404475418505,16,1,16
SA,ONE TREE HILL,HOUSING|SUPPORT & COUNSELLING,-34.71674591186363,138.7491953091094,62,0,0
SA,OODNADATTA,HOUSING,-27.54232975918144,135.42032003583685,2,0,0
SA,ORROROO,DISABILITIES|HEALTH|HOUSING|MENTAL HEALTH,-32.69531117325663,138.68989685066265,0,1,0
SA,OVINGHAM,HOUSING|LAW,-34.898588687245955,138.58526258097578,12,0,0
SA,PANORAMA,DISABILITIES|HEALTH|HOUSING|MENTAL HEALTH,-35.000736286969186,138.5973717626676,1,1,1
SA,PARA HILLS,HEALTH|HOUSING,-34.81175265684747,138.65559197319666,20,2,10
SA,PARA VISTA,HOUSING,-34.83148849400756,138.66693231066367,13,0,0
SA,PARACHILNA,HOUSING,-31.230657659226154,138.40923298770608,1,0,0
SA,PARADISE,HOUSING,-34.87107357923451,138.67626794427977,0,9,0
SA,PARAFIELD GARDENS,DISABILITIES|HEALTH|HOUSING|MENTAL HEALTH,-34.78256410712889,138.6107204622167,49,6,8.166666666666666
SA,PARALOWIE,HOUSING,-34.7570598858816,138.60812421576873,156,0,0
SA,PARAMATTA,HOUSING,-34.03766282912768,137.6288877542937,3,0,0
SA,PARK HOLME,DISABILITIES|HEALTH|HOUSING|MENTAL HEALTH,-34.9944528,138.5537441,3,0,0
SA,PARKSIDE,DISABILITIES|HEALTH|HOUSING,-34.946260843163074,138.6166629257705,4,14,0.2857142857142857
SA,PASADENA,FAMILY VIOLENCE|HOUSING|LAW,-35.00274283936052,138.5886194144407,15,0,0
SA,PATA,FAMILY VIOLENCE|HOUSING|LAW,-34.572938085333014,140.54094374716234,1,0,0
SA,PAYNEHAM,HOUSING,-34.89890921130227,138.64222747936373,2,1,2
SA,PAYNEHAM SOUTH,DISABILITIES|HEALTH|HOUSING|MENTAL HEALTH,-34.90480578698853,138.6444754612164,0,2,0
SA,PENNINGTON,DISABILITIES|HEALTH|HOUSING|MENTAL HEALTH,-34.8575572041479,138.53164508576089,22,2,11
SA,PENOLA,HOUSING,-37.39452147337499,140.88301985603857,0,3,0
SA,PETERBOROUGH,HOUSING,-32.96699634902585,138.85159521892442,1,5,0.2
SA,PETERHEAD,HOUSING,-34.83121894444211,138.499920342707,1,0,0
SA,PICCADILLY,DISABILITIES|HEALTH|HOUSING|MENTAL HEALTH,-34.97825285747483,138.73347503483174,2,0,0
SA,PINE POINT,HOUSING,-34.57815104234748,137.85992948504037,2,0,0
SA,PINNAROO,HOUSING,-35.325814225303915,140.87344187827847,0,2,0
SA,PLYMPTON,FAMILY VIOLENCE|HOUSING|LAW,-34.96207464453779,138.55489013447095,15,0,0
SA,POINT PEARCE,HOUSING|SUPPORT & COUNSELLING,-34.4349896876127,137.49108431437597,0,3,0
SA,POINT TURTON,HOUSING,-34.9490512192811,137.34301548032917,3,0,0
SA,POORAKA,HOUSING,-34.82570858333375,138.62286886330486,4,1,4
SA,PORT ADELAIDE,HEALTH|HOUSING|LAW,-34.8342849411252,138.51235146600226,38,12,3.1666666666666665
SA,PORT AUGUSTA,HOUSING|MENTAL HEALTH,-32.49547496641491,137.7894926527337,38,24,1.5833333333333333
SA,PORT BROUGHTON,DISABILITIES|HEALTH|HOUSING|MENTAL HEALTH|SUPPORT & COUNSELLING,-33.66639905712074,137.95518550193813,0,4,0
SA,PORT DAVIS,HOUSING,-33.238885004203304,137.87940507193784,1,0,0
SA,PORT ELLIOT,HOUSING,-35.50720143075528,138.6726446722358,0,7,0
SA,PORT LINCOLN,HOUSING,-34.73019786996271,135.8504867262538,11,17,0.6470588235294118
SA,PORT NEILL,DISABILITIES|HEALTH|HOUSING|MENTAL HEALTH,-34.06503030032736,136.31775668764257,1,0,0
SA,PORT NOARLUNGA,HOUSING,-35.149688237876454,138.47671146135332,0,4,0
SA,PORT NOARLUNGA SOUTH,HOUSING,-35.16440377435886,138.4756394672397,6,0,0
SA,PORT PIRIE,DISABILITIES|HEALTH|HOUSING|SUPPORT & COUNSELLING,-33.171203677912914,138.0087917558783,44,22,2
SA,PORT PIRIE SOUTH,DISABILITIES|EMPLOYMENT|FOOD|HEALTH|HOUSING|MENTAL HEALTH,-33.21122013781758,138.0268643430053,1,1,1
SA,PORT VINCENT,HOUSING,-34.76948299701064,137.82970323481862,1,0,0
SA,PORT WILLUNGA,HOUSING,-35.25963008007746,138.46370065258026,4,0,0
SA,PROSPECT,HOUSING,-34.88272691780748,138.59284826360425,6,8,0.75
SA,PYGERY,HOUSING|SUPPORT & COUNSELLING,-32.93217180847361,135.41738212933942,1,0,0
SA,QUORN,DISABILITIES|HEALTH|HOUSING|MENTAL HEALTH,-32.35902071307934,138.05630460444567,0,2,0
SA,REDWOOD PARK,HOUSING,-34.81155402816119,138.70694546205533,15,0,0
SA,REGENCY PARK,DISABILITIES|HEALTH|HOUSING|MENTAL HEALTH|SUPPORT & COUNSELLING,-34.86254842164924,138.57240484039315,11,3,3.6666666666666665
SA,REID,DISABILITIES|HEALTH|HOUSING|MENTAL HEALTH,-34.601015263002076,138.72951898602048,30,0,0
SA,RENMARK,HOUSING|SUPPORT & COUNSELLING,-34.16763787260642,140.7480927123267,13,4,3.25
SA,REYNELLA,HOUSING|SUPPORT & COUNSELLING,-35.09657826483207,138.52162362363467,2,6,0.3333333333333333
SA,REYNELLA EAST,HOUSING,-35.088097471607924,138.55268542056442,1,0,0
SA,RHYNIE,HOUSING|SUPPORT & COUNSELLING,-34.140165534946135,138.68173459342628,1,0,0
SA,RICHMOND,HOUSING,-34.93864550059564,138.56212665136772,3,0,0
SA,RIDGEHAVEN,DISABILITIES|HEALTH|HOUSING|MENTAL HEALTH,-34.821259589758284,138.70465984380388,0,2,0
SA,RIDLEYTON,DISABILITIES|HOUSING,-34.89419725066131,138.57045396842827,3,0,0
SA,RISDON PARK,HOUSING,-33.193479601017856,137.96429357801196,1,0,0
SA,RISDON PARK SOUTH,FAMILY VIOLENCE|HOUSING|LAW,-33.21781678903182,137.97437208801745,2,0,0
SA,RIVERTON,HOUSING,-34.167584870462974,138.7650663842079,0,4,0
SA,ROBE,HOUSING,-37.20206134834257,139.83905953476219,1,0,0
SA,ROBERTSON,FAMILY VIOLENCE|HOUSING|LAW,-37.10470333221677,140.70280870754686,1,0,0
SA,ROSEWATER,HOUSING,-34.85251546472925,138.52131980293873,1,2,0.5
SA,ROSTREVOR,HOUSING,-34.89385771870253,138.69182660415333,4,3,1.3333333333333333
SA,ROWLAND FLAT,DISABILITIES|HOUSING,-34.57296589889735,138.9372479944553,8,0,0
SA,ROXBY DOWNS,HOUSING,-30.542351900896016,136.9250547886267,3,0,0
SA,ROXBY DOWNS STATION,HOUSING,-30.627772115691553,136.6673291248463,5,0,0
SA,ROYAL PARK,FOOD|HOUSING,-34.87083354998347,138.5074154907065,3,0,0
SA,ROYSTON PARK,HOUSING,-34.897327041108944,138.62995240570768,0,1,0
SA,SADDLEWORTH,HOUSING|SUPPORT & COUNSELLING,-34.04568634249043,138.8083871677846,2,0,0
SA,SAINTS,DISABILITIES|HEALTH|HOUSING|MENTAL HEALTH,-34.15432153626685,138.3405374793695,1,0,0
SA,SALISBURY,HOUSING,-34.764051309938395,138.64186197666433,53,12,4.416666666666667
SA,SALISBURY DOWNS,DISABILITIES|HEALTH|HOUSING|MENTAL HEALTH,-34.77178509761611,138.62432848527718,8,0,0
SA,SALISBURY EAST,DISABILITIES|HEALTH|HOUSING|MENTAL HEALTH,-34.781060285166845,138.6727950548404,5,0,0
SA,SALISBURY NORTH,HEALTH|HOUSING,-34.745951576693535,138.62764302977413,2,1,2
SA,SALISBURY PARK,HOUSING,-34.7587218955873,138.6682261787483,3,0,0
SA,SALISBURY PLAIN,HOUSING|LAW,-34.767413166811664,138.66062208356686,46,0,0
SA,SALISBURY SOUTH,DISABILITIES|HEALTH|HOUSING|MENTAL HEALTH,-34.78278530460316,138.64295390286392,1,1,1
SA,SEACLIFF,HOUSING|SUPPORT & COUNSELLING,-35.0276726,138.520214,1,0,0
SA,SEACLIFF PARK,DISABILITIES|HEALTH|HOUSING|MENTAL HEALTH,-35.04265721851474,138.52945749897478,8,0,0
SA,SEACOMBE GARDENS,DISABILITIES|FAMILY VIOLENCE|HEALTH|HOUSING|LAW|MENTAL HEALTH,-35.02336321987257,138.5458041289719,4,0,0
SA,SEAFORD,HOUSING,-35.185797384961965,138.47725695160477,7,0,0
SA,SEAFORD MEADOWS,HOUSING,-35.171199103691436,138.4871499138307,1,0,0
SA,SEAFORD RISE,HOUSING,-35.204228445880375,138.48486373039728,0,1,0
SA,SEATON,DISABILITIES|HEALTH|HOUSING|MENTAL HEALTH,-34.893666160551646,138.5132449342499,10,6,1.6666666666666667
SA,SECOND VALLEY,DISABILITIES|HOUSING,-35.54014465862476,138.25012915157538,3,0,0
SA,SEFTON PARK,HOUSING,-34.87621144851056,138.60650352374608,1,0,0
SA,SELLICKS BEACH,DISABILITIES|FAMILY VIOLENCE|HOUSING|LAW,-35.33083275212956,138.45823116659608,1,0,0
SA,SEMAPHORE,HOUSING,-34.83892429205755,138.48288154033398,6,3,2
SA,SEMAPHORE PARK,HOUSING,-34.8557236934179,138.48538674885154,2,3,0.6666666666666666
SA,SEMAPHORE SOUTH,HOUSING,-34.847191576937036,138.48053215756622,24,0,0
SA,SHEIDOW PARK,HOUSING|SUPPORT & COUNSELLING,-35.07925819417482,138.52736678247697,1,0,0
SA,SMITHFIELD,DISABILITIES|HOUSING|MENTAL HEALTH,-34.6848607180857,138.68622694390078,7,2,3.5
SA,SMITHFIELD PLAINS,HOUSING,-34.676768116168375,138.67682611679558,13,0,0
SA,SNOWTOWN,HOUSING|SUPPORT & COUNSELLING,-33.76893819003347,138.19946414345873,0,2,0
SA,SOMERTON PARK,HOUSING,-34.996476674671285,138.51985177475913,0,3,0
SA,SOUTH BRIGHTON,HOUSING,-35.025965888400066,138.5253026256777,7,1,7
SA,SOUTH PLYMPTON,FAMILY VIOLENCE|HOUSING|LAW,-34.973764334934835,138.56015585741937,2,4,0.5
SA,SOUTHEND,HOUSING,-37.55801002880351,140.16068329504824,12,0,0
SA,ST AGNES,DISABILITIES|HEALTH|HOUSING|MENTAL HEALTH,-34.83074594841267,138.7107427795919,1,2,0.5
SA,ST CLAIR,HOUSING|SUPPORT & COUNSELLING,-34.87089128618123,138.53532651328905,12,0,0
SA,ST IVES,HOUSING,-35.11040703905491,138.97990775154597,2,0,0
SA,ST MARYS,DISABILITIES|HEALTH|HOUSING|MENTAL HEALTH,-35.00423129812525,138.57983442913203,1,0,0
SA,ST PETERS,DISABILITIES|HEALTH|HOUSING|MENTAL HEALTH,-34.904995056952735,138.622598626023,0,2,0
SA,STANSBURY,HOUSING,-34.8976359910711,137.76619682770217,1,5,0.2
SA,STEPNEY,HOUSING,-34.91229517238342,138.6292587820633,0,2,0
SA,STIRLING,HOUSING,-35.00356263257214,138.7218246216268,2,0,0
SA,STIRLING NORTH,HOUSING|SUPPORT & COUNSELLING,-32.508602601944354,137.86359962489942,2,0,0
SA,STOCKPORT,HOUSING,-34.329044776554255,138.73667169218632,1,0,0
SA,STOCKWELL,HOUSING,-34.44117027801075,139.05937195009437,4,0,0
SA,STRATHALBYN,DISABILITIES|HEALTH|HOUSING|MENTAL HEALTH,-35.252280042367026,138.87048831674034,2,9,0.2222222222222222
SA,STREAKY BAY,DISABILITIES|HEALTH|HOUSING|MENTAL HEALTH,-32.83210552860909,134.27355152947786,0,1,0
SA,STURT,HOUSING|SUPPORT & COUNSELLING,-35.0227566064243,138.55462358675337,14,2,7
SA,SURREY DOWNS,HOUSING,-34.7918636,138.71418219999998,2,0,0
SA,TAILEM BEND,DISABILITIES|HOUSING,-35.28029626946859,139.47785399616916,1,0,0
SA,TANUNDA,FAMILY VIOLENCE|HOUSING|LAW,-34.521788080421835,138.96026789230856,0,5,0
SA,TAPEROO,HOUSING,-34.80655381404995,138.50028480470445,8,0,0
SA,TARCOOLA,FAMILY VIOLENCE|HOUSING|LAW,-30.725872893870445,134.56604585187344,1,0,0
SA,TEA TREE GULLY,FAMILY VIOLENCE|HOUSING|LAW,-34.82393199743837,138.7332921383323,1,0,0
SA,TEROWIE,DISABILITIES|HOUSING,-33.21264007221513,138.95862970231224,2,0,0
SA,THEBARTON,HOUSING|SUPPORT & COUNSELLING,-34.91518049060064,138.57247830986051,0,1,0
SA,THEVENARD,HOUSING,-32.14566749644518,133.65372412209078,0,2,0
SA,TIDDY WIDDY BEACH,HOUSING,-34.40149272207586,137.94050287521353,1,0,0
SA,TILLEY SWAMP,HOUSING|SUPPORT & COUNSELLING,-36.352555292689516,139.9052947527252,2,0,0
SA,TOORAK GARDENS,DISABILITIES|HEALTH|HOUSING|MENTAL HEALTH,-34.933332338696154,138.63749424249275,1,2,0.5
SA,TORRENSVILLE,HEALTH|HOUSING,-34.9198047505549,138.55979418252488,7,1,7
SA,TOTNESS,DISABILITIES|FAMILY VIOLENCE|HEALTH|HOUSING|LAW|MENTAL HEALTH,-35.047560133430885,138.8432149359128,2,0,0
SA,TRANMERE,HOUSING,-34.9054954423841,138.66211932197012,9,0,0
SA,TROTT PARK,DISABILITIES|HEALTH|HOUSING|SUPPORT & COUNSELLING,-35.07133824294852,138.54011115388792,16,1,16
SA,TUMBY BAY,HOUSING,-34.40076952923918,136.0464144290112,0,2,0
SA,TWO WELLS,HOUSING,-34.602038458453265,138.52472034271398,14,0,0
SA,UMUWA,HOUSING|SUPPORT & COUNSELLING,-26.47801156151789,132.02528477373446,0,2,0
SA,UNDERDALE,HOUSING|LAW|SUPPORT & COUNSELLING,-34.91954788235575,138.54909210521004,4,1,4
SA,UNLEY,DISABILITIES|HEALTH|HOUSING|MENTAL HEALTH,-34.94831235841572,138.60647897063413,12,0,0
SA,UPPER STURT,HOUSING,-35.02528543475006,138.6791470433897,1,0,0
SA,URAIDLA,HEALTH|HOUSING,-34.96063484498155,138.74513188579462,0,2,0
SA,VALLEY VIEW,HEALTH|HOUSING,-34.83994039677414,138.66071642497485,1,2,0.5
SA,VICTOR HARBOR,HOUSING,-35.54768507579139,138.61180564285982,7,4,1.75
SA,VISTA,HOUSING,-34.83584005004876,138.7309038130409,15,0,0
SA,WAIKERIE,EMPLOYMENT|HOUSING|LAW|SUPPORT & COUNSELLING,-34.21621763913502,139.9679621869246,3,6,0.5
SA,WALKERVILLE,DISABILITIES|HOUSING|MENTAL HEALTH|SUPPORT & COUNSELLING,-34.891888040303016,138.6178491279191,0,2,0
SA,WALLAROO,HEALTH|HOUSING|SUPPORT & COUNSELLING,-33.9441820030297,137.63178549565197,0,5,0
SA,WARBURTO,HOUSING,-34.00023129786908,137.59292403684555,2,0,0
SA,WARRADALE,HOUSING,-35.0074001198036,138.53562791892747,4,2,2
SA,WATTLE PARK,HOUSING,-34.927259192753546,138.6784890917278,0,1,0
SA,WAYVILLE,ALCOHOL & OTHER DRUGS|EMPLOYMENT|FOOD|HEALTH|HOUSING|SUPPORT & COUNSELLING,-34.944879733562,138.59127571982478,1,7,0.14285714285714285
SA,WEDGE ISLAND,HOUSING,-35.156356807402744,136.46608507369368,17,0,0
SA,WELLAND,DISABILITIES|HOUSING|SUPPORT & COUNSELLING,-34.903891657997086,138.5587531389679,0,1,0
SA,WEST BEACH,DISABILITIES|HOUSING,-34.94521655839981,138.50881516282314,1,2,0.5
SA,WEST CROYDON,DISABILITIES|HEALTH|HOUSING|MENTAL HEALTH,-34.88901027766746,138.55903256647315,0,1,0
SA,WEST LAKES,HOUSING,-34.873448165986225,138.49483433985287,0,1,0
SA,WEST LAKES SHORE,HOUSING,-34.865827019340536,138.48493481498497,2,0,0
SA,WESTBOURNE PARK,DISABILITIES|HEALTH|HOUSING|MENTAL HEALTH,-34.97164687027753,138.59524831298953,9,5,1.8
SA,WHITE HILL,HOUSING,-35.13909689081525,139.20933941302073,9,0,0
SA,WHYALLA,HEALTH|HOUSING|LAW,-33.037964569895266,137.5753124512701,8,9,0.8888888888888888
SA,WHYALLA BARSON,HOUSING,-32.97404304311262,137.5647904733358,1,0,0
SA,WHYALLA NORRIE,HOUSING|SUPPORT & COUNSELLING,-33.02765434499083,137.5396884675127,4,2,2
SA,WHYALLA PLAYFORD,FAMILY VIOLENCE|HOUSING|LAW,-33.02896992571415,137.55910978526512,16,0,0
SA,WHYALLA STUART,HEALTH|HOUSING,-33.03292666814948,137.51909035748534,6,5,1.2
SA,WILLASTON,HEALTH|HOUSING,-34.58635709892284,138.74115132170445,1,1,1
SA,WILLIAMSTOWN,HEALTH|HOUSING,-34.66788534297864,138.89529660810527,2,3,0.6666666666666666
SA,WILLOW BANKS,HOUSING,-35.055709368888635,139.34547317222237,20,0,0
SA,WILLUNGA,HOUSING,-35.26550327001197,138.5689414887454,0,1,0
SA,WINDSOR GARDENS,DISABILITIES|FAMILY VIOLENCE|HEALTH|HOUSING|LAW|MENTAL HEALTH,-34.86553850819436,138.6543453081239,8,0,0
SA,WINGFIELD,HOUSING,-34.841032392350556,138.56104749179235,6,0,0
SA,WOODCROFT,HOUSING,-35.10321855925859,138.56241007105783,91,3,30.333333333333332
SA,WOODFORDE,DISABILITIES|HEALTH|HOUSING|MENTAL HEALTH,-34.90478622752015,138.70840201422575,5,0,0
SA,WOODSIDE,HOUSING,-34.95382595604024,138.90620612768262,9,2,4.5
SA,WOODVILLE,HEALTH|HOUSING,-34.87717883759962,138.5379502070139,1,8,0.125
SA,WOODVILLE GARDENS,HOUSING,-34.867416511987386,138.55222351520518,20,0,0
SA,WOODVILLE NORTH,DISABILITIES|HEALTH|HOUSING|MENTAL HEALTH,-34.86608149811763,138.54152701591929,1,0,0
SA,WOODVILLE WEST,HOUSING,-34.88506659628712,138.5265833733886,2,3,0.6666666666666666
SA,WUDINNA,DISABILITIES|HEALTH|HOUSING|MENTAL HEALTH,-33.05784260606564,135.46838120788343,0,1,0
SA,WYNN VALE,HOUSING,-34.799418937867515,138.68714396512286,13,1,13
SA,YAHL,DISABILITIES|HEALTH|HOUSING|MENTAL HEALTH|SUPPORT & COUNSELLING,-37.88160447795643,140.84479343620262,0,2,0
SA,YANKALILLA,DISABILITIES|HEALTH|HOUSING|MENTAL HEALTH|SUPPORT & COUNSELLING,-35.46828829889609,138.35611219016454,0,3,0
SA,YATALA VALE,HOUSING,-34.79401559077978,138.74053773754187,10,0,0
SA,YELTA,HOUSING,-34.06475508983399,137.61816678132666,3,0,0