State,Suburb,Reason for seeking support,lat,lon,Service Demand,Service Supply,Demand to Supply Ratio
VIC,ABBOTSFORD,ALCOHOL & OTHER DRUGS|DISABILITIES|EMPLOYMENT|HEALTH|HOUSING|LAW|MENTAL HEALTH|SUPPORT & COUNSELLING,-37.804369100352915,144.99969954577747,39,16,2.4375
VIC,ADELAIDE LEAD,DISABILITIES|HEALTH|HOUSING|MENTAL HEALTH,-37.08180683993988,143.66842371278494,9,0,0
VIC,AIRPORT WEST,HOUSING,-37.72372568418645,144.88189980028048,21,0,0
VIC,ALBANVALE,HEALTH|HOUSING|LAW|SUPPORT & COUNSELLING,-37.74594933620379,144.76866239522622,3,1,3
VIC,ALBERT PARK,DISABILITIES|HEALTH|HOUSING,-37.845086024815906,144.9607717894657,22,8,2.75
VIC,ALBERTON WEST,HOUSING|SUPPORT & COUNSELLING,-38.603694215611725,146.57704336600833,3,0,0
VIC,ALBION,HOUSING,-37.7833525775956,144.82395333751103,7,0,0
VIC,ALEXANDRA,HOUSING|SUPPORT & COUNSELLING,-37.198110844105386,145.73673012167538,5,3,1.6666666666666667
VIC,ALFREDTON,DISABILITIES|HOUSING,-37.555913697731064,143.80063103791272,0,4,0
VIC,ALLESTREE,FAMILY VIOLENCE|HOUSING|LAW,-38.27135837911163,141.65149745293445,7,0,0
VIC,ALPHINGTON,DISABILITIES|HOUSING,-37.78043268998719,145.0308242646341,68,4,17
VIC,ALTONA,HOUSING|LAW,-37.86018081358274,144.81379081321043,95,9,10.555555555555555
VIC,ALTONA MEADOWS,DISABILITIES|HEALTH|HOUSING|MENTAL HEALTH,-37.88083240020974,144.7842569846565,15,9,1.6666666666666667
VIC,ALTONA NORTH,DISABILITIES|HEALTH|HOUSING,-37.83784266967429,144.83431349254914,51,6,8.5
VIC,ANGLESEA,HOUSING,-38.380834126507025,144.1543522368946,4,4,1
VIC,APOLLO BAY,HOUSING,-38.72780914653485,143.64145013315002,6,4,1.5
VIC,ARARAT,HOUSING,-37.26245288080945,142.97561012759968,15,27,0.5555555555555556
VIC,ARDEER,HOUSING,-37.776214400945655,144.80152466584715,19,6,3.1666666666666665
VIC,ARMADALE,HOUSING,-37.85668742822496,145.02017200130615,6,3,2
VIC,ARMSTRONG,HOUSING,-37.21249798570753,142.88213171758167,1,0,0
VIC,ARMSTRONG CREEK,HOUSING,-38.2367007,144.3690964,2,0,0
VIC,ASCOT VALE,FOOD|HOUSING|SUPPORT & COUNSELLING,-37.776980229522025,144.91369235484177,15,11,1.3636363636363635
VIC,ASHBURTON,DISABILITIES|HOUSING,-37.867298748837015,145.0801821790963,73,10,7.3
VIC,ASHWOOD,HOUSING,-37.866543691957375,145.1023152385048,11,7,1.5714285714285714
VIC,ASPENDALE,HOUSING,-38.0130262,145.094267,2,0,0
VIC,ATHLONE,HOUSING,-38.24149799183897,145.78648998006844,37,0,0
VIC,ATTWOOD,HOUSING,-37.667051063500146,144.88458868169192,1,0,0
VIC,AVOCA,HOUSING,-37.082002135259,143.47011896982247,1,2,0.5
VIC,AVONDALE HEIGHTS,HOUSING|SUPPORT & COUNSELLING,-37.761554336310994,144.8626096963341,59,6,9.833333333333334
VIC,AXEDALE,HOUSING,-36.76592935957329,144.52404396257674,2,0,0
VIC,BACCHUS MARSH,EMPLOYMENT|HEALTH|HOUSING|LAW|SUPPORT & COUNSELLING,-37.67641335460721,144.44631188885,20,13,1.5384615384615385
VIC,BAIRNSDALE,HOUSING|SUPPORT & COUNSELLING,-37.859810743470916,147.58905814234518,38,56,0.6785714285714286
VIC,BAKERY HILL,DISABILITIES|HOUSING|SUPPORT & COUNSELLING,-37.56322783487438,143.8657419433491,0,2,0
VIC,BALACLAVA,HOUSING,-37.8703620646055,144.9949858798106,34,4,8.5
VIC,BALLAN,EMPLOYMENT|HEALTH|HOUSING|LAW|SUPPORT & COUNSELLING,-37.60683175324116,144.21461928469125,5,9,0.5555555555555556
VIC,BALLARAT CENTRAL,DISABILITIES|FOOD|HOUSING|SUPPORT & COUNSELLING,-37.56215905942602,143.850255498647,120,98,1.2244897959183674
VIC,BALLARAT EAST,DISABILITIES|HOUSING|SUPPORT & COUNSELLING,-37.56482123862167,143.88702054834826,2,12,0.16666666666666666
VIC,BALLARAT NORTH,HOUSING,-37.539142562567044,143.86645220380302,1,1,1
VIC,BALLIANG EAST,DISABILITIES|HOUSING,-37.80871195850024,144.43688003822442,30,0,0
VIC,BALWYN,HEALTH|HOUSING,-37.80900336640735,145.0833258726829,19,11,1.7272727272727273
VIC,BALWYN NORTH,HOUSING,-37.79175859109917,145.08434241649974,36,2,18
VIC,BANGHOLME,HOUSING,-38.048407042188835,145.17207948755126,1,1,1
VIC,BANNOCKBURN,DISABILITIES|HEALTH|HOUSING,-38.04498962881694,144.15416932928102,0,4,0
VIC,BARANDUDA,HOUSING,-36.182683005886716,146.95731313408214,0,3,0
VIC,BARONGAROOK WEST,HEALTH|HOUSING,-38.4321296842572,143.54557962188912,0,1,0
VIC,BARRAKEE,FAMILY VIOLENCE|HOUSING|LAW,-36.26366905069977,143.45226533352417,1,0,0
VIC,BARWON HEADS,HEALTH|HOUSING,-38.2748310550091,144.48809898364252,2,1,2
VIC,BASALT,HOUSING,-37.30787608749198,144.10347641769803,14,0,0
VIC,BAW BAW,FAMILY VIOLENCE|HOUSING|LAW,-37.832056639260664,146.3069443003573,1,0,0
VIC,BAXTER,DISABILITIES|HEALTH|HOUSING|MENTAL HEALTH,-38.20094373436835,145.15665514455816,2,0,0
VIC,BAYLES,FAMILY VIOLENCE|HOUSING|LAW,-38.1760755552228,145.58057425019686,5,0,0
VIC,BAYSWATER,DISABILITIES|HOUSING|MENTAL HEALTH,-37.84517723081164,145.2647299055315,50,20,2.5
VIC,BAYSWATER NORTH,DISABILITIES|HEALTH|HOUSING,-37.826894057030756,145.28365766853324,42,5,8.4
VIC,BEACONSFIELD,HOUSING,-38.0409392396736,145.38298521859844,8,0,0
VIC,BEACONSFIELD UPPER,HOUSING,-37.99820554929696,145.4237925294338,1,2,0.5
VIC,BEAUFORT,DISABILITIES|HEALTH|HOUSING|SUPPORT & COUNSELLING,-37.4414374391445,143.3452024181539,0,4,0
VIC,BEAUMARIS,HOUSING,-37.982404865444096,145.03893240859304,2,1,2
VIC,BEECHWORTH,EMPLOYMENT|HEALTH|HOUSING|LAW|SUPPORT & COUNSELLING,-36.338190193939944,146.65743226017167,1,6,0.16666666666666666
VIC,BELGRAVE,EMPLOYMENT|HEALTH|HOUSING|LAW,-37.91240134969924,145.35529189405165,22,8,2.75
VIC,BELGRAVE HEIGHTS,DISABILITIES|FAMILY VIOLENCE|HEALTH|HOUSING|LAW|MENTAL HEALTH,-37.92623707315655,145.34370222167036,32,0,0
VIC,BELGRAVE SOUTH,HOUSING,-37.9460992437188,145.36638112854257,5,0,0
VIC,BELL PARK,HOUSING,-38.10519191656239,144.3383477099803,24,2,12
VIC,BELL POST HILL,HOUSING|SUPPORT & COUNSELLING,-38.09435094659398,144.3206990368295,6,0,0
VIC,BELLARINE,DISABILITIES|HEALTH|HOUSING|MENTAL HEALTH,-38.1362298935771,144.62172674352595,13,0,0
VIC,BELLBRIDGE,FAMILY VIOLENCE|HOUSING|LAW,-36.09708717632221,147.06019833731204,3,0,0
VIC,BELLFIELD,DISABILITIES|HOUSING,-37.75308863733065,145.03847767753498,5,1,5
VIC,BELMONT,HOUSING,-38.17843940476676,144.3421043652796,82,30,2.7333333333333334
VIC,BENA,HOUSING|SUPPORT & COUNSELLING,-38.435103411260044,145.73753103731943,1,0,0
VIC,BENALLA,HOUSING,-36.57890777192109,145.99676948392158,22,20,1.1
VIC,BENAMBRA,EMPLOYMENT|HEALTH|HOUSING|LAW,-36.884706172455594,147.8067712406776,0,1,0
VIC,BENDIGO,HEALTH|HOUSING|SUPPORT & COUNSELLING,-36.7570160915959,144.2793902133417,115,92,1.25
VIC,BENDOC,EMPLOYMENT|HEALTH|HOUSING|LAW|SUPPORT & COUNSELLING,-37.2084969240024,148.89401281915505,0,1,0
VIC,BENTLEIGH,ALCOHOL & OTHER DRUGS|EMPLOYMENT|HEALTH|HOUSING,-37.92265405625823,145.038580285164,13,14,0.9285714285714286
VIC,BENTLEIGH EAST,FAMILY VIOLENCE|HOUSING|LAW,-37.92211251616657,145.06704387751392,47,10,4.7
VIC,BERWICK,HOUSING,-38.03992847052756,145.3484658616587,80,20,4
VIC,BEVERIDGE,HOUSING,-37.47616827849931,144.97191512555577,2,0,0
VIC,BIG DESERT,HOUSING|SUPPORT & COUNSELLING,-35.621034265280514,141.48496794505027,2,0,0
VIC,BIG HILL,DISABILITIES|HOUSING,-36.83553448178766,144.22958869441118,13,0,0
VIC,BIRCHIP,HOUSING,-35.993368486209015,142.92557572618,1,3,0.3333333333333333
VIC,BIRDWOODTON,FOOD|HOUSING,-34.201646797119366,142.06914956888372,2,0,0
VIC,BIRREGURRA,FAMILY VIOLENCE|HOUSING|LAW,-38.33551766683,143.82007530859866,1,0,0
VIC,BITTERN,HOUSING,-38.336788681626636,145.16922734487315,7,0,0
VIC,BLACK HILL,DISABILITIES|HEALTH|HOUSING|MENTAL HEALTH,-37.54998833330205,143.87248902214878,0,2,0
VIC,BLACKBURN,HOUSING|SUPPORT & COUNSELLING,-37.821695159855466,145.15225680207894,77,11,7
VIC,BLACKBURN NORTH,DISABILITIES|FOOD|HOUSING,-37.80538157959089,145.15434978939084,4,2,2
VIC,BLACKBURN SOUTH,HOUSING,-37.83935874160995,145.14654341300076,61,9,6.777777777777778
VIC,BLACKWOOD,HOUSING,-37.49225956153917,144.29816746391487,3,0,0
VIC,BLAIRGOWRIE,HOUSING,-38.36853947241647,144.77224431465189,3,0,0
VIC,BONA VISTA,DISABILITIES|HEALTH|HOUSING|MENTAL HEALTH,-38.20508121697911,145.963892016933,29,0,0
VIC,BONBEACH,DISABILITIES|HEALTH|HOUSING,-38.06310617902075,145.12761008217072,73,5,14.6
VIC,BONNIE BROOK,DISABILITIES|HEALTH|HOUSING|MENTAL HEALTH,-37.69608886921486,144.6698897679754,6,0,0
VIC,BONNIE DOON,HOUSING,-37.0172303654797,145.88101867472054,1,0,0
VIC,BOOLE POOLE,HOUSING,-37.899325703675274,147.7902474970813,3,0,0
VIC,BOORT,HOUSING,-36.13365684057535,143.7419316071923,1,5,0.2
VIC,BOOSEY,HOUSING|SUPPORT & COUNSELLING,-36.0505466505652,145.7916120725632,23,0,0
VIC,BORONIA,HOUSING|SUPPORT & COUNSELLING,-37.85620093489831,145.28601144452207,168,14,12
VIC,BOTANIC RIDGE,HOUSING,-38.141558234527196,145.2655737199356,5,0,0
VIC,BOX HILL,HOUSING|SUPPORT & COUNSELLING,-37.82152194763263,145.12609495408108,216,77,2.8051948051948052
VIC,BOX HILL NORTH,DISABILITIES|HOUSING|MENTAL HEALTH,-37.80560203461478,145.1295726829147,11,2,5.5
VIC,BOX HILL SOUTH,ALCOHOL & OTHER DRUGS|DISABILITIES|HEALTH|HOUSING|MENTAL HEALTH|SUPPORT & COUNSELLING,-37.83661915446939,145.12337423179926,16,3,5.333333333333333
VIC,BRAESIDE,HOUSING,-38.000479071803916,145.12294858701097,36,0,0
VIC,BRAYBROOK,HOUSING|SUPPORT & COUNSELLING,-37.78668473559078,144.85483628482527,54,31,1.7419354838709677
VIC,BREAMLEA,HOUSING,-38.29393083650519,144.38794460603452,3,0,0
VIC,BRIAR HILL,FAMILY VIOLENCE|HOUSING|LAW,-37.7062335894049,145.12107826204607,10,0,0
VIC,BRIGHT,HOUSING|LAW,-36.70381167807994,147.0266507824957,7,3,2.3333333333333335
VIC,BRIGHTON,HOUSING,-37.9084261574805,144.9956864561501,21,26,0.8076923076923077
VIC,BRIGHTON EAST,HOUSING,-37.91734480016537,145.0166737212515,18,14,1.2857142857142858
VIC,BROADFORD,DISABILITIES|HOUSING|SUPPORT & COUNSELLING,-37.2110545097114,145.06309475045063,9,2,4.5
VIC,BROADMEADOWS,ALCOHOL & OTHER DRUGS|DISABILITIES|HEALTH|HOUSING|MENTAL HEALTH|SUPPORT & COUNSELLING,-37.68256815529173,144.9313242025255,82,18,4.555555555555555
VIC,BROKEN CREEK,FAMILY VIOLENCE|HOUSING|LAW,-36.439652139062744,145.88685086895524,3,0,0
VIC,BROOKFIELD,HOUSING,-37.7083716,144.5519167,17,0,0
VIC,BROOKLYN,HOUSING,-37.8160957028446,144.84148373269707,9,0,0
VIC,BROWN HILL,HOUSING,-37.54887694677648,143.91302246247176,0,1,0
VIC,BRUNSWICK,HOUSING|LAW|SUPPORT & COUNSELLING,-37.76638532753563,144.9612817145069,198,22,9
VIC,BRUNSWICK EAST,HOUSING|SUPPORT & COUNSELLING,-37.76887843436926,144.9774266788348,102,4,25.5
VIC,BRUNSWICK WEST,DISABILITIES|HEALTH|HOUSING|MENTAL HEALTH,-37.7631224899614,144.9428432901754,89,5,17.8
VIC,BRUTHEN,HOUSING,-37.70712109363469,147.8626361836942,0,1,0
VIC,BUCHAN,EMPLOYMENT|HEALTH|HOUSING|LAW,-37.41612908426632,148.14476390430409,0,1,0
VIC,BUCKLEY SWAMP,HOUSING,-37.858887595785134,142.08679617208549,1,0,0
VIC,BULLEEN,DISABILITIES|HOUSING,-37.76865962421942,145.08696219045356,10,1,10
VIC,BULLENGAROOK,HOUSING,-37.47622994047755,144.4963660733945,5,0,0
VIC,BULLIOH,FAMILY VIOLENCE|HOUSING|LAW,-36.173695558676705,147.3691549802182,4,0,0
VIC,BUNBARTHA,HOUSING,-36.235474632180306,145.33132033310824,2,0,0
VIC,BUNDALAGUAH,HOUSING,-38.02807053505392,147.01751472481388,2,0,0
VIC,BUNDOORA,DISABILITIES|HOUSING,-37.69860580655672,145.05963460908848,324,29,11.172413793103448
VIC,BUNYIP,HOUSING,-38.10005345939622,145.7189388466665,0,2,0
VIC,BUNYIP NORTH,HOUSING,-38.06099912797026,145.72511514309636,2,0,0
VIC,BURNEWANG,HOUSING,-36.477982470228476,144.66685943207207,2,0,0
VIC,BURNLEY,HOUSING,-37.82961579572156,145.01741317370124,139,0,0
VIC,BURNSIDE,HOUSING,-37.749217804634654,144.75304037292187,45,4,11.25
VIC,BURNSIDE HEIGHTS,HOUSING,-37.73218752472037,144.75565703658643,32,0,0
VIC,BURWOOD,HOUSING|SUPPORT & COUNSELLING,-37.849605375562085,145.11132176175897,76,16,4.75
VIC,BURWOOD EAST,DISABILITIES|HEALTH|HOUSING,-37.85358497251512,145.15041263191748,23,12,1.9166666666666667
VIC,BUSHY PARK,HOUSING,-37.859209603592326,147.0177821769689,12,0,0
VIC,BUXTON,DISABILITIES|FAMILY VIOLENCE|HEALTH|HOUSING|LAW|MENTAL HEALTH,-37.43812939127907,145.7107181977093,1,0,0
VIC,CABARITA,DISABILITIES|HOUSING,-34.206507531462144,142.08550182486144,1,0,0
VIC,CABBAGE TREE CREEK,FAMILY VIOLENCE|HOUSING|LAW,-37.6977322,148.7213366,1,0,0
VIC,CAIRNLEA,HOUSING,-37.7594744356121,144.7878590743532,104,0,0
VIC,CALIFORNIA GULLY,HEALTH|HOUSING|SUPPORT & COUNSELLING,-36.72865604584169,144.2608049776309,1,3,0.3333333333333333
VIC,CAMBARVILLE,FAMILY VIOLENCE|HOUSING|LAW,-37.610520898394675,146.0130308676034,9,0,0
VIC,CAMBERWELL,DISABILITIES|HOUSING|SUPPORT & COUNSELLING,-37.83846133536041,145.07361446207167,41,45,0.9111111111111111
VIC,CAMPBELLFIELD,HOUSING,-37.66373262747961,144.95949774922477,18,0,0
VIC,CAMPBELLTOWN,HOUSING,-37.208189815638406,143.95231858804664,2,0,0
VIC,CAMPERDOWN,HEALTH|HOUSING|SUPPORT & COUNSELLING,-38.23857680480315,143.15017853874178,4,9,0.4444444444444444
VIC,CANADIAN,HOUSING,-37.58448429018256,143.88527368015198,3,1,3
VIC,CANIAMBO,HOUSING,-36.465074637558445,145.5981185525719,39,0,0
VIC,CANN RIVER,DISABILITIES|FOOD|HEALTH|HOUSING|MENTAL HEALTH|SUPPORT & COUNSELLING,-37.589049125097326,149.15881945561387,0,2,0
VIC,CANNONS CREEK,HOUSING|SUPPORT & COUNSELLING,-38.206321855123186,145.31203569771873,2,0,0
VIC,CANTERBURY,HOUSING|MENTAL HEALTH|SUPPORT & COUNSELLING,-37.82360673739859,145.07570090407066,8,6,1.3333333333333333
VIC,CAPE WOOLAMAI,HOUSING,-38.542949289838994,145.34397723767043,3,0,0
VIC,CAPEL SOUND,HOUSING,-38.37224907737954,144.8740879729375,8,2,4
VIC,CARDIGAN,HOUSING,-37.53661098255404,143.7348446554892,11,0,0
VIC,CARISBROOK,HOUSING,-37.027381935563305,143.8405575166972,2,0,0
VIC,CARLISLE RIVER,HOUSING,-38.565518061188406,143.4173310873741,2,0,0
VIC,CARLSRUHE,FAMILY VIOLENCE|HOUSING|LAW,-37.28971241380017,144.51457338920451,4,0,0
VIC,CARLTON,HOUSING|SUPPORT & COUNSELLING,-37.80045018567183,144.9681490473075,344,20,17.2
VIC,CARLTON NORTH,HOUSING,-37.786562951892265,144.96852893197592,83,4,20.75
VIC,CARNEGIE,DISABILITIES|HOUSING,-37.893383659621776,145.05559611939188,60,9,6.666666666666667
VIC,CAROLINE SPRINGS,HOUSING,-37.73447051723705,144.7372106128396,47,1,47
VIC,CARRUM,HOUSING,-38.07669684144072,145.1280033042664,3,0,0
VIC,CARRUM DOWNS,HOUSING,-38.092813440682406,145.17595349675275,79,16,4.9375
VIC,CASTELLA,DISABILITIES|HEALTH|HOUSING|MENTAL HEALTH,-37.517679618886206,145.42280863718995,1,0,0
VIC,CASTERTON,EMPLOYMENT|HEALTH|HOUSING|LAW,-37.60310317620669,141.33174719123954,1,6,0.16666666666666666
VIC,CASTLEMAINE,HOUSING,-37.05813738391965,144.218500445072,20,17,1.1764705882352942
VIC,CAULFIELD,HEALTH|HOUSING,-37.88406429253315,145.02633336543812,12,14,0.8571428571428571
VIC,CAULFIELD EAST,HOUSING,-37.88122733058469,145.0420005098286,5,0,0
VIC,CAULFIELD NORTH,HOUSING|SUPPORT & COUNSELLING,-37.87204705756168,145.0215818714303,35,9,3.888888888888889
VIC,CAULFIELD SOUTH,HOUSING,-37.894666569815925,145.02492276418042,32,7,4.571428571428571
VIC,CERES,HOUSING,-38.164581952370796,144.27280001646744,3,5,0.6
VIC,CHADSTONE,HOUSING,-37.88920829999999,145.10428269999989,47,0,0
VIC,CHARLEMONT,HEALTH|HOUSING|SUPPORT & COUNSELLING,-38.20971395727263,144.3688017232847,25,2,12.5
VIC,CHARLTON,HEALTH|HOUSING|SUPPORT & COUNSELLING,-36.2878488180203,143.33564720461644,6,3,2
VIC,CHELSEA,HEALTH|HOUSING|SUPPORT & COUNSELLING,-38.049728666416414,145.12139830880685,11,10,1.1
VIC,CHELSEA HEIGHTS,DISABILITIES|FAMILY VIOLENCE|HEALTH|HOUSING|LAW|MENTAL HEALTH,-38.04083300228264,145.13409577406418,6,0,0
VIC,CHELTENHAM,DISABILITIES|HOUSING|SUPPORT & COUNSELLING,-37.96357711366892,145.06030802056404,85,50,1.7
VIC,CHILLINGOLLAH,HOUSING,-35.276291553322736,143.04371815161215,21,0,0
VIC,CHILTERN,HOUSING,-36.1516853,146.5990351,6,0,0
VIC,CHIRNSIDE PARK,FAMILY VIOLENCE|HOUSING|LAW,-37.73866004037849,145.3141870925594,47,0,0
VIC,CHUM CREEK,FAMILY VIOLENCE|HOUSING|LAW,-37.60532088604799,145.4873564869322,28,0,0
VIC,CHURCHILL,ALCOHOL & OTHER DRUGS|DISABILITIES|HEALTH|HOUSING|LAW|MENTAL HEALTH|SUPPORT & COUNSELLING,-38.31633989971274,146.42325191691617,15,8,1.875
VIC,CLARINDA,DISABILITIES|HOUSING|MENTAL HEALTH,-37.9436931795393,145.10608287709678,3,6,0.5
VIC,CLARKEFIELD,HEALTH|HOUSING|SUPPORT & COUNSELLING,-37.4713077,144.7851531,1,0,0
VIC,CLAYTON,FAMILY VIOLENCE|HEALTH|HOUSING|LAW|SUPPORT & COUNSELLING,-37.91818120465985,145.13042443076856,66,15,4.4
VIC,CLAYTON SOUTH,DISABILITIES|HOUSING|SUPPORT & COUNSELLING,-37.943674655221976,145.12518506481211,26,6,4.333333333333333
VIC,CLEMATIS,HOUSING|SUPPORT & COUNSELLING,-37.93247579256701,145.41934232873524,11,0,0
VIC,CLIFTON HILL,HOUSING,-37.79021716599566,144.99765863195842,6,5,1.2
VIC,CLIFTON SPRINGS,HOUSING,-38.15309875114803,144.57270837396777,21,1,21
VIC,CLUNES,HOUSING,-37.28827505170346,143.78820311133293,2,2,1
VIC,CLYDE,FAMILY VIOLENCE|HOUSING|LAW,-38.148224794096556,145.3538123462523,24,0,0
VIC,CLYDE NORTH,HOUSING|SUPPORT & COUNSELLING,-38.10190601594636,145.35873654123557,1,0,0
VIC,COBAINS,FAMILY VIOLENCE|HOUSING|LAW,-38.076075565057394,147.13780947725374,1,0,0
VIC,COBBERAS,FAMILY VIOLENCE|HOUSING|LAW,-36.85154563953416,148.09183571945425,1,0,0
VIC,COBBLEBANK,HOUSING|SUPPORT & COUNSELLING,-37.70732038335691,144.60085480211737,78,0,0
VIC,COBDEN,HOUSING,-38.33842870615594,143.08879769223077,0,7,0
VIC,COBRAM,DISABILITIES|HOUSING,-35.933883253938575,145.64076949548445,11,26,0.4230769230769231
VIC,COBURG,HOUSING,-37.74486935250763,144.9642981765984,98,25,3.92
VIC,COBURG NORTH,HOUSING,-37.72703066236471,144.9680601868865,152,6,25.333333333333332
VIC,COCKATOO,HOUSING,-37.927750743397695,145.49850905572148,13,0,0
VIC,COHUNA,HOUSING|SUPPORT & COUNSELLING,-35.776072493434285,144.24293721665805,6,12,0.5
VIC,COLAC,EMPLOYMENT|FOOD|HEALTH|HOUSING|LAW,-38.3132435070356,143.5920261141574,34,34,1
VIC,COLAC EAST,HOUSING,-38.332944019080436,143.61735686599425,32,0,0
VIC,COLDSTREAM,FAMILY VIOLENCE|HOUSING|LAW,-37.70370094746409,145.4087116333871,7,1,7
VIC,COLERAINE,HOUSING,-37.59057160824782,141.6751831728124,0,9,0
VIC,COLLINGWOOD,DISABILITIES|HEALTH|HOUSING|LAW,-37.80195610606844,144.98816414746437,236,47,5.0212765957446805
VIC,COMBIENBAR,FAMILY VIOLENCE|HOUSING|LAW,-37.37116012393386,149.01504907314856,3,0,0
VIC,CONGUPNA,HOUSING,-36.3036532,145.4322249,2,0,0
VIC,CONNEWARRE,HOUSING,-38.257609199669815,144.4232254173747,2,0,0
VIC,COOLAROO,HOUSING,-37.6564142578769,144.93492824883302,43,3,14.333333333333334
VIC,COOMA,HOUSING,-36.411078831315926,145.07122608452366,5,0,0
VIC,COOMBOONA,HOUSING,-36.27377903268954,145.29768337991345,7,0,0
VIC,CORIO,HEALTH|HOUSING|LAW,-38.0671924926948,144.3739925460194,15,6,2.5
VIC,CORONET BAY,DISABILITIES|HEALTH|HOUSING|MENTAL HEALTH,-38.4349669246917,145.44378170246833,3,0,0
VIC,CORRYONG,HEALTH|HOUSING|SUPPORT & COUNSELLING,-36.183168208845174,147.9016540445374,0,4,0
VIC,COWANGIE,HOUSING,-35.188199271393124,141.36525476872927,1,0,0
VIC,COWES,HOUSING,-38.4708777908522,145.23539241431877,7,8,0.875
VIC,CRAIGIEBURN,ALCOHOL & OTHER DRUGS|DISABILITIES|EMPLOYMENT|HEALTH|HOUSING|LAW|MENTAL HEALTH|SUPPORT & COUNSELLING,-37.58616620498321,144.92736102718567,293,1,293
VIC,CRANBOURNE,HOUSING|SUPPORT & COUNSELLING,-38.112838554087084,145.27524721908563,114,17,6.705882352941177
VIC,CRANBOURNE EAST,DISABILITIES|HEALTH|HOUSING|SUPPORT & COUNSELLING,-38.11001678912461,145.30540992939856,20,2,10
VIC,CRANBOURNE NORTH,HOUSING,-38.07752189870034,145.29878336162844,192,1,192
VIC,CRANBOURNE WEST,DISABILITIES|HEALTH|HOUSING|MENTAL HEALTH,-38.096650600000004,145.2581432,2,0,0
VIC,CREMORNE,FAMILY VIOLENCE|HOUSING|LAW|SUPPORT & COUNSELLING,-37.82902726746233,144.99304722653636,21,5,4.2
VIC,CRESWICK,HOUSING,-37.42412415871332,143.89124291127015,2,9,0.2222222222222222
VIC,CRIB POINT,EMPLOYMENT|HEALTH|HOUSING|LAW,-38.35251036981889,145.20297623727174,2,2,1
VIC,CROYDON,HOUSING|SUPPORT & COUNSELLING,-37.794953331903436,145.28404240902776,63,29,2.1724137931034484
VIC,CROYDON HILLS,HOUSING,-37.77562669115921,145.26690914538895,99,0,0
VIC,CROYDON NORTH,DISABILITIES|HOUSING,-37.77186394051097,145.2839170551047,11,3,3.6666666666666665
VIC,CROYDON SOUTH,HOUSING,-37.81398741960998,145.27457596474585,3,0,0
VIC,DALLAS,HOUSING|SUPPORT & COUNSELLING,-37.67056208623598,144.93528146951553,12,2,6
VIC,DANDENONG,HOUSING|LAW,-37.985165882564694,145.21196485602178,676,103,6.563106796116505
VIC,DANDENONG NORTH,DISABILITIES|HOUSING,-37.95585098390849,145.21407088923024,29,10,2.9
VIC,DANDENONG SOUTH,DISABILITIES|HEALTH|HOUSING,-38.02794838662452,145.2208721464913,291,6,48.5
VIC,DARGO,FAMILY VIOLENCE|HOUSING|LAW,-37.334560157142974,147.29347778406338,1,0,0
VIC,DARLEY,EMPLOYMENT|HEALTH|HOUSING|LAW|SUPPORT & COUNSELLING,-37.63743805479838,144.4260273744398,2,1,2
VIC,DARRAWEIT GUIM,HOUSING,-37.42175128330288,144.86991171057872,3,0,0
VIC,DAWSON,FAMILY VIOLENCE|HOUSING|LAW,-37.97414029001531,146.68869798577856,3,0,0
VIC,DAYLESFORD,HOUSING,-37.34521554054682,144.14955216983387,2,10,0.2
VIC,DEEPDENE,HOUSING|SUPPORT & COUNSELLING,-37.81141395692044,145.06585950574424,1,0,0
VIC,DEER PARK,HOUSING,-37.7693694789475,144.7716997050647,28,1,28
VIC,DELACOMBE,HOUSING,-37.58069786226945,143.81598624521075,40,1,40
VIC,DELAHEY,DISABILITIES|HOUSING,-37.71979815398257,144.77747628434747,8,2,4
VIC,DERRIMUT,DISABILITIES|HEALTH|HOUSING|MENTAL HEALTH|SUPPORT & COUNSELLING,-37.79971201144373,144.77604928726774,8,1,8
VIC,DEVILS RIVER,DISABILITIES|HEALTH|HOUSING|MENTAL HEALTH,-37.17349514025871,145.8358551610734,10,0,0
VIC,DHURRINGILE,HOUSING,-36.53187050877903,145.21315279554707,2,0,0
VIC,DIAMOND CREEK,DISABILITIES|HOUSING,-37.667942772534495,145.15667748638134,25,2,12.5
VIC,DIGGERS REST,FAMILY VIOLENCE|HOUSING|LAW,-37.6201388687202,144.69622635502628,30,0,0
VIC,DIMBOOLA,HOUSING,-36.38623063833199,142.0637723282904,3,7,0.42857142857142855
VIC,DINGLEY VILLAGE,DISABILITIES|FOOD|HOUSING|SUPPORT & COUNSELLING,-37.97621322012256,145.12590228673076,3,8,0.375
VIC,DIXONS CREEK,FAMILY VIOLENCE|HOUSING|LAW,-37.593595966372376,145.4274813536769,7,0,0
VIC,DOCKLANDS,HEALTH|HOUSING|LAW,-37.818389132582816,144.94072605085174,100,3,33.333333333333336
VIC,DON VALLEY,HOUSING,-37.73858543315881,145.59135185920863,12,0,0
VIC,DONALD,HOUSING,-36.33214429260731,142.9853325555865,1,5,0.2
VIC,DONCASTER,HEALTH|HOUSING|LAW,-37.784794778164695,145.12408693761284,69,29,2.3793103448275863
VIC,DONCASTER EAST,DISABILITIES|HOUSING,-37.778986111295815,145.16391762786594,69,10,6.9
VIC,DONVALE,DISABILITIES|HOUSING,-37.7898009279799,145.19132181655078,16,16,1
VIC,DOREEN,HOUSING,-37.5970611481621,145.1432502312226,45,0,0
VIC,DOVETON,HOUSING,-37.988501204335634,145.23848124688712,25,9,2.7777777777777777
VIC,DROMANA,HOUSING,-38.33203627687734,145.0097728476755,18,3,6
VIC,DROPMORE,FAMILY VIOLENCE|HOUSING|LAW,-37.0411876829316,145.43909396621882,11,0,0
VIC,DROUIN,DISABILITIES|HOUSING|SUPPORT & COUNSELLING,-38.13538959699185,145.84874694562566,13,9,1.4444444444444444
VIC,DROUIN EAST,HOUSING,-38.12030361864709,145.89105335506838,1,0,0
VIC,DRUMMOND NORTH,DISABILITIES|HEALTH|HOUSING|MENTAL HEALTH,-37.196045424002975,144.31654157683883,1,0,0
VIC,DRY DIGGINGS,HOUSING|SUPPORT & COUNSELLING,-37.29743294117333,144.1601104062341,2,0,0
VIC,DRYSDALE,ALCOHOL & OTHER DRUGS|DISABILITIES|EMPLOYMENT|HEALTH|HOUSING|LAW|MENTAL HEALTH|SUPPORT & COUNSELLING,-38.17550139288969,144.59987310725612,2,3,0.6666666666666666
VIC,DUNKELD,HOUSING,-37.67651585536131,142.35903766188193,0,1,0
VIC,DUNOLLY,HOUSING,-36.8608360301555,143.71756361513357,1,2,0.5
VIC,EAGLE POINT,DISABILITIES|HOUSING|MENTAL HEALTH,-37.90082385082327,147.68110311561503,0,2,0
VIC,EAGLEHAWK,FAMILY VIOLENCE|HOUSING|LAW,-36.706636062578575,144.26568699315558,7,0,0
VIC,EAGLEHAWK NORTH,HOUSING|SUPPORT & COUNSELLING,-36.68836607410314,144.25671741577378,17,0,0
VIC,EAGLEMONT,FAMILY VIOLENCE|HOUSING|LAW|SUPPORT & COUNSELLING,-37.76371750126791,145.0637412227781,2,8,0.25
VIC,EAST BAIRNSDALE,DISABILITIES|HEALTH|HOUSING|MENTAL HEALTH,-37.84405975403023,147.66280561444998,1,0,0
VIC,EAST GEELONG,HOUSING,-38.155327316260305,144.38014968578088,4,2,2
VIC,EAST MELBOURNE,DISABILITIES|HOUSING|SUPPORT & COUNSELLING,-37.81443732435266,144.9825846454209,59,7,8.428571428571429
VIC,EAST SALE,HEALTH|HOUSING|SUPPORT & COUNSELLING,-38.10361729527771,147.14143689533157,0,1,0
VIC,EAST WARBURTON,DISABILITIES|HOUSING,-37.704348892815865,145.77675398678323,0,1,0
VIC,ECHUCA,DISABILITIES|HOUSING,-36.17262792906959,144.76085641455114,16,26,0.6153846153846154
VIC,ECHUCA VILLAGE,HOUSING,-36.1401898217237,144.82058285041754,7,0,0
VIC,ECHUCA WEST,HOUSING,-36.1756538794963,144.6713553406704,1,1,1
VIC,EDENHOPE,EMPLOYMENT|HEALTH|HOUSING|LAW,-37.06694062412144,141.30508210224437,0,6,0
VIC,EDITHVALE,HOUSING|SUPPORT & COUNSELLING,-38.03750271804202,145.11500552862066,8,5,1.6
VIC,EILDON,HOUSING|SUPPORT & COUNSELLING,-37.38792085403084,145.99818679061096,1,3,0.3333333333333333
VIC,ELLIMINYT,FAMILY VIOLENCE|HOUSING|LAW,-38.37333069859397,143.58920026109885,1,0,0
VIC,ELMORE,HOUSING,-36.4987156,144.6076319,1,0,0
VIC,ELSTERNWICK,ALCOHOL & OTHER DRUGS|DISABILITIES|EMPLOYMENT|HEALTH|HOUSING|LAW|MENTAL HEALTH|SUPPORT & COUNSELLING,-37.8858518885893,145.00700748738137,13,5,2.6
VIC,ELTHAM,ALCOHOL & OTHER DRUGS|HEALTH|HOUSING,-37.717451680322874,145.1590914038825,29,15,1.9333333333333333
VIC,ELTHAM NORTH,HOUSING,-37.70029436334753,145.12984036481484,2,0,0
VIC,ELWOOD,HOUSING,-37.88079299579565,144.98548067960166,51,1,51
VIC,EMERALD,HOUSING,-37.946092863741946,145.43600139439357,6,2,3
VIC,ENDEAVOUR HILLS,HEALTH|HOUSING|SUPPORT & COUNSELLING,-37.97020388200741,145.256272339758,85,3,28.333333333333332
VIC,ENGLEFIELD,HOUSING,-37.3236840763885,141.81290324577532,1,0,0
VIC,EPPALOCK,DISABILITIES|HOUSING,-36.85245829317996,144.46058157116593,0,1,0
VIC,EPPING,DISABILITIES|HOUSING|SUPPORT & COUNSELLING,-37.63792739869574,145.01044502961673,312,26,12
VIC,EPSOM,HOUSING,-36.6902344,144.3223207,5,0,0
VIC,ESSENDON,HOUSING,-37.7498042685616,144.91091977045113,70,16,4.375
VIC,ESSENDON FIELDS,HOUSING|SUPPORT & COUNSELLING,-37.726746174093115,144.9011038711679,21,0,0
VIC,ESSENDON NORTH,DISABILITIES|HOUSING|MENTAL HEALTH,-37.73803268339931,144.9008288416664,2,3,0.6666666666666666
VIC,ESSENDON WEST,HOUSING|SUPPORT & COUNSELLING,-37.7540783238291,144.88509806125327,61,0,0
VIC,EUMEMMERRING,HOUSING,-37.998563544563936,145.24685132373077,32,0,0
VIC,EUREKA,HOUSING|SUPPORT & COUNSELLING,-37.56314145017095,143.87805724656255,6,0,0
VIC,EUROA,HOUSING,-36.76864574633778,145.56184596816414,2,5,0.4
VIC,EYNESBURY,HOUSING,-37.78833530819227,144.54289078363544,21,0,0
VIC,FAIRFIELD,HOUSING|SUPPORT & COUNSELLING,-37.78461503211412,145.01578500156023,12,9,1.3333333333333333
VIC,FAWKNER,HOUSING,-37.704650318609104,144.9692785565919,50,5,10
VIC,FERNTREE GULLY,DISABILITIES|HOUSING,-37.884360280842884,145.28043411356327,59,14,4.214285714285714
VIC,FISKVILLE,HOUSING,-37.68035158830616,144.23190426888107,6,0,0
VIC,FITZROY,HOUSING|SUPPORT & COUNSELLING,-37.80090869704221,144.97915726041012,113,50,2.26
VIC,FITZROY NORTH,DISABILITIES|HEALTH|HOUSING|MENTAL HEALTH|SUPPORT & COUNSELLING,-37.78389664507392,144.98429529133568,81,17,4.764705882352941
VIC,FLEMINGTON,HOUSING,-37.78675146377321,144.91929295004178,16,7,2.2857142857142856
VIC,FLORA HILL,HOUSING,-36.78117612708196,144.2956246359417,8,2,4
VIC,FLOWERDALE,HOUSING,-37.33206899907563,145.30275013913942,8,0,0
VIC,FLYNNS CREEK,HOUSING,-38.25254934496927,146.64200625017546,80,0,0
VIC,FOOTSCRAY,DISABILITIES|HEALTH|HOUSING|SUPPORT & COUNSELLING,-37.79815594170435,144.89719533184078,200,71,2.816901408450704
VIC,FOREST HILL,HEALTH|HOUSING,-37.839868466735254,145.17105162791066,6,17,0.35294117647058826
VIC,FOSTER,HOUSING,-38.672546480292205,146.1992886711165,2,3,0.6666666666666666
VIC,FOSTER NORTH,FAMILY VIOLENCE|HOUSING|LAW,-38.60624013616274,146.1639848663382,1,0,0
VIC,FRANKSTON,DISABILITIES|HOUSING|SUPPORT & COUNSELLING,-38.1481676725165,145.14567972721088,346,69,5.0144927536231885
VIC,FRANKSTON NORTH,DISABILITIES|HEALTH|HOUSING|SUPPORT & COUNSELLING,-38.123924143013845,145.16385728839404,74,3,24.666666666666668
VIC,FRANKSTON SOUTH,HOUSING,-38.17648382880803,145.1295564228929,16,15,1.0666666666666667
VIC,FREEBURGH,HOUSING|SUPPORT & COUNSELLING,-36.77075793334086,147.05888311888248,1,0,0
VIC,FULHAM,FAMILY VIOLENCE|HOUSING|LAW,-38.081364652149354,146.96996715957653,0,1,0
VIC,GANNAWARRA,DISABILITIES|HOUSING,-35.7175064502081,144.14026691201784,2,0,0
VIC,GARDENVALE,DISABILITIES|HOUSING|MENTAL HEALTH,-37.89812548936494,145.0091275297212,0,2,0
VIC,GEELONG,ALCOHOL & OTHER DRUGS|DISABILITIES|EMPLOYMENT|FAMILY VIOLENCE|HEALTH|HOUSING|LAW|MENTAL HEALTH|SUPPORT & COUNSELLING,-38.149918589721075,144.36171906647,267,55,4.8545454545454545
VIC,GEELONG WEST,DISABILITIES|HOUSING|SUPPORT & COUNSELLING,-38.13937818575722,144.3448832094834,16,16,1
VIC,GEMBROOK,FAMILY VIOLENCE|HOUSING|LAW,-37.94503359809361,145.63905671849903,1,0,0
VIC,GISBORNE,HOUSING,-37.51047786813516,144.56956165675285,6,3,2
VIC,GLADSTONE PARK,HOUSING,-37.689999716428815,144.8936985356178,5,2,2.5
VIC,GLEN HUNTLY,DISABILITIES|HOUSING,-37.89237024103515,145.04135203739327,2,3,0.6666666666666666
VIC,GLEN IRIS,ALCOHOL & OTHER DRUGS|HEALTH|HOUSING,-37.85597701642222,145.06499520354512,34,8,4.25
VIC,GLEN WAVERLEY,HOUSING,-37.88160409722378,145.16817542635826,94,29,3.2413793103448274
VIC,GLENALBYN,HOUSING,-36.4608883,143.6771119,1,0,0
VIC,GLENGARRY,HOUSING,-38.12768917910547,146.6353176900471,1,0,0
VIC,GLENGOWER,DISABILITIES|FAMILY VIOLENCE|HEALTH|HOUSING|LAW|MENTAL HEALTH,-37.214471784452144,143.87336363372904,1,0,0
VIC,GLENISLA,HOUSING,-37.22555077278432,142.269810673889,1,0,0
VIC,GLENORCHY,HOUSING,-36.907854267358154,142.64525344270268,1,0,0
VIC,GLENORMISTON NORTH,HOUSING,-38.139160095018106,142.9901536609924,1,0,0
VIC,GLENROY,HOUSING|LAW|SUPPORT & COUNSELLING,-37.702633910389615,144.92729122605863,71,26,2.730769230769231
VIC,GLENTHOMPSON,HOUSING|SUPPORT & COUNSELLING,-37.6380241,142.5455226,1,0,0
VIC,GOLDEN BEACH,DISABILITIES|HEALTH|HOUSING|MENTAL HEALTH,-38.22922807811169,147.36279328998796,2,0,0
VIC,GOLDEN SQUARE,HOUSING,-36.77383278308288,144.2527801536045,9,5,1.8
VIC,GOROKE,HOUSING|SUPPORT & COUNSELLING,-36.671409255406424,141.48884185297072,0,1,0
VIC,GOWANBRAE,HOUSING,-37.70304266545216,144.89765345787578,37,0,0
VIC,GRAMPIANS,HOUSING,-37.348964210551514,142.32990699419602,2,0,0
VIC,GRAND RIDGE,HOUSING,-38.47937842151016,146.3986260810988,3,0,0
VIC,GREAT WESTERN,FAMILY VIOLENCE|HOUSING|LAW,-37.166711410120925,142.881946869655,1,0,0
VIC,GREENSBOROUGH,HOUSING,-37.698922664390956,145.10711268572086,110,18,6.111111111111111
VIC,GREENVALE,ALCOHOL & OTHER DRUGS|DISABILITIES|HEALTH|HOUSING|MENTAL HEALTH,-37.63654254990404,144.8797355833103,22,2,11
VIC,GROVEDALE,ALCOHOL & OTHER DRUGS|DISABILITIES|HEALTH|HOUSING|MENTAL HEALTH|SUPPORT & COUNSELLING,-38.203082945896675,144.33183446071388,8,17,0.47058823529411764
VIC,GRUYERE,HOUSING,-37.730131469539636,145.46551361384672,10,0,0
VIC,GUILDFORD,HOUSING,-37.18809588945348,144.16554845006792,2,0,0
VIC,GUYS HILL,FAMILY VIOLENCE|HOUSING|LAW,-38.01374699596493,145.39167072620862,9,0,0
VIC,HADFIELD,HOUSING,-37.71015705155275,144.95007946624662,20,0,0
VIC,HALLAM,DISABILITIES|HEALTH|HOUSING,-38.007569674506044,145.2690211758535,37,9,4.111111111111111
VIC,HALLS GAP,HOUSING,-37.1236923514374,142.52766852533628,0,3,0
VIC,HAMILTON,HOUSING|SUPPORT & COUNSELLING,-37.74559354609572,142.0178997209349,27,25,1.08
VIC,HAMLYN HEIGHTS,HOUSING,-38.12100164920039,144.3239860457572,1,6,0.16666666666666666
VIC,HAMPTON,DISABILITIES|HOUSING,-37.93787740409112,145.00926798038313,76,5,15.2
VIC,HAMPTON EAST,DISABILITIES|HEALTH|HOUSING|SUPPORT & COUNSELLING,-37.938811215739214,145.030627382701,10,6,1.6666666666666667
VIC,HAMPTON PARK,EMPLOYMENT|HEALTH|HOUSING|LAW|SUPPORT & COUNSELLING,-38.038633536256356,145.26866296410688,83,3,27.666666666666668
VIC,HARKAWAY,HOUSING|SUPPORT & COUNSELLING,-37.9941957334676,145.36002270162606,60,0,0
VIC,HARKNESS,FAMILY VIOLENCE|HOUSING|LAW,-37.65470491485809,144.57005288996052,2,0,0
VIC,HASTINGS,DISABILITIES|HOUSING,-38.29719254894627,145.1849766207136,84,16,5.25
VIC,HAWTHORN,ALCOHOL & OTHER DRUGS|EMPLOYMENT|HEALTH|HOUSING|LAW|SUPPORT & COUNSELLING,-37.82480286547642,145.03207543545741,163,17,9.588235294117647
VIC,HAWTHORN EAST,DISABILITIES|HOUSING,-37.8311987744034,145.05007672359682,25,10,2.5
VIC,HAZELWOOD NORTH,DISABILITIES|HEALTH|HOUSING|MENTAL HEALTH,-38.27054882690361,146.47871998897915,111,0,0
VIC,HEALESVILLE,HOUSING|SUPPORT & COUNSELLING,-37.660256853521624,145.55094026430393,13,11,1.1818181818181819
VIC,HEATHCOTE,HEALTH|HOUSING|SUPPORT & COUNSELLING,-36.91536990053898,144.722489718096,1,2,0.5
VIC,HEATHCOTE JUNCTION,HOUSING,-37.382369405804916,145.0437668127518,1,0,0
VIC,HEATHERTON,HOUSING,-37.956030606233305,145.0928758804891,13,0,0
VIC,HEATHMONT,HOUSING,-37.83079461507959,145.24408139434854,10,6,1.6666666666666667
VIC,HEIDELBERG,ALCOHOL & OTHER DRUGS|HEALTH|HOUSING|LAW|SUPPORT & COUNSELLING,-37.75251915798128,145.06990548608474,28,12,2.3333333333333335
VIC,HEIDELBERG HEIGHTS,DISABILITIES|HOUSING,-37.743250725972615,145.05348632874887,75,2,37.5
VIC,HEIDELBERG WEST,HOUSING,-37.73816547948338,145.04350529140237,33,7,4.714285714285714
VIC,HEPBURN,FAMILY VIOLENCE|HOUSING|LAW,-37.31189975682685,144.12765301180139,2,0,0
VIC,HEYFIELD,HEALTH|HOUSING,-37.97805561316862,146.77490369617334,0,3,0
VIC,HEYWOOD,DISABILITIES|HOUSING|SUPPORT & COUNSELLING,-38.13434631529999,141.6469694820775,1,7,0.14285714285714285
VIC,HIGHETT,ALCOHOL & OTHER DRUGS|HEALTH|HOUSING|LAW|SUPPORT & COUNSELLING,-37.95037659584895,145.04044473115886,42,22,1.9090909090909092
VIC,HIGHTON,HOUSING,-38.170461125214146,144.31147501520113,6,6,1
VIC,HILLSIDE,HOUSING,-37.69045163769606,144.7416927475908,105,0,0
VIC,HMAS CERBERUS,HEALTH|HOUSING|SUPPORT & COUNSELLING,-38.381234488469296,145.1983107873095,0,1,0
VIC,HOPETOUN,HOUSING,-35.709040747196006,142.35198233071702,0,2,0
VIC,HOPETOUN PARK,HOUSING,-37.701597798327654,144.50510148109925,2,0,0
VIC,HOPPERS CROSSING,HOUSING,-37.86650125348044,144.6946605465646,55,6,9.166666666666666
VIC,HORSHAM,HOUSING|SUPPORT & COUNSELLING,-36.71886282603629,142.19623168584727,44,61,0.7213114754098361
VIC,HOWQUA,DISABILITIES|HEALTH|HOUSING|MENTAL HEALTH,-37.242549032415795,146.19329929803928,1,0,0
VIC,HUGHESDALE,HEALTH|HOUSING|SUPPORT & COUNSELLING,-37.89947866631636,145.08113663765585,7,4,1.75
VIC,HUON CREEK,DISABILITIES|HEALTH|HOUSING|MENTAL HEALTH,-36.1518464,146.8100219,2,0,0
VIC,HURSTBRIDGE,DISABILITIES|HEALTH|HOUSING|MENTAL HEALTH,-37.63780439272869,145.1947654200213,2,0,0
VIC,INGLEWOOD,HOUSING,-36.59713440368883,143.85440564588245,0,2,0
VIC,INVERGORDON,HOUSING,-36.14609443547239,145.5849563325386,6,0,0
VIC,INVERLOCH,HOUSING,-38.615245650551884,145.72425525726138,13,2,6.5
VIC,IRONBARK,HOUSING,-36.754801491478425,144.26366769955487,93,0,0
VIC,IRYMPLE,HOUSING,-34.25257150902267,142.16877354418148,5,3,1.6666666666666667
VIC,IVANHOE,DISABILITIES|HEALTH|HOUSING,-37.76784237906873,145.04368744815625,31,7,4.428571428571429
VIC,IVANHOE EAST,HOUSING,-37.77347754534622,145.06181707324419,1,5,0.2
VIC,JACANA,HOUSING,-37.6871948,144.90689740000002,141,0,0
VIC,JACKASS FLAT,FAMILY VIOLENCE|HOUSING|LAW,-36.7109691,144.2846604,2,0,0
VIC,JAN JUC,FAMILY VIOLENCE|HOUSING|LAW,-38.34465786132804,144.29526774309858,8,0,0
VIC,JEPARIT,HOUSING,-36.10045062759251,141.97424108931597,12,3,4
VIC,JILPANGER,FAMILY VIOLENCE|HOUSING|LAW,-36.91000698903969,141.74619661873018,1,0,0
VIC,JUNCTION VILLAGE,DISABILITIES|HEALTH|HOUSING|SUPPORT & COUNSELLING,-38.136025015035784,145.29142524976675,0,2,0
VIC,JUNORTOUN,DISABILITIES|HOUSING|MENTAL HEALTH,-36.77058858235486,144.36423622951196,0,1,0
VIC,KALKALLO,HOUSING|SUPPORT & COUNSELLING,-37.52592420770618,144.9603648243019,5,0,0
VIC,KALLISTA,HOUSING,-37.90023613349523,145.4042128749396,3,1,3
VIC,KALORAMA,FAMILY VIOLENCE|HOUSING|LAW,-37.81813246684394,145.38323864634796,1,0,0
VIC,KANGAROO FLAT,HOUSING,-36.80669965116246,144.24183614812222,2,3,0.6666666666666666
VIC,KANGAROO GROUND,HOUSING,-37.689377132339416,145.23197062967773,2,0,0
VIC,KANIVA,HOUSING|SUPPORT & COUNSELLING,-36.38304694743546,141.26492248886464,2,4,0.5
VIC,KATAMATITE,HOUSING,-36.075353080536956,145.69203017264687,3,0,0
VIC,KATUNGA,DISABILITIES|FAMILY VIOLENCE|HEALTH|HOUSING|LAW|MENTAL HEALTH,-35.999733397763976,145.46545466030804,4,0,0
VIC,KEALBA,DISABILITIES|HEALTH|HOUSING|MENTAL HEALTH,-37.73732571197798,144.8281376354937,2,0,0
VIC,KEILOR,HOUSING,-37.70727006876196,144.82717251485397,7,2,3.5
VIC,KEILOR DOWNS,HOUSING,-37.72060243614426,144.8041246442747,6,4,1.5
VIC,KEILOR EAST,DISABILITIES|HOUSING,-37.73879097811831,144.85682514472603,47,7,6.714285714285714
VIC,KEILOR PARK,HOUSING,-37.7191125676544,144.85189711401125,45,0,0
VIC,KELLALAC,FAMILY VIOLENCE|HOUSING|LAW,-36.36681112505382,142.40297609246466,4,0,0
VIC,KENSINGTON,FAMILY VIOLENCE|HOUSING|LAW|SUPPORT & COUNSELLING,-37.794347310842845,144.92706626061272,52,21,2.4761904761904763
VIC,KERANG,HOUSING,-35.72461442536511,143.9454987827305,2,14,0.14285714285714285
VIC,KEW,HOUSING,-37.80342733658195,145.0331940375899,59,19,3.1052631578947367
VIC,KEW EAST,DISABILITIES|HOUSING,-37.79062749565601,145.05253831440154,6,8,0.75
VIC,KEYSBOROUGH,HEALTH|HOUSING|SUPPORT & COUNSELLING,-38.00532078463611,145.16734867909173,87,5,17.4
VIC,KIALLA,HOUSING|SUPPORT & COUNSELLING,-36.44878952718922,145.413139480407,1,6,0.16666666666666666
VIC,KILLINGWORTH,DISABILITIES|HEALTH|HOUSING|MENTAL HEALTH,-37.18121426887162,145.43187313080222,2,0,0
VIC,KILMORE,DISABILITIES|HEALTH|HOUSING,-37.30165768229455,144.94973486547863,13,3,4.333333333333333
VIC,KILMORE EAST,FAMILY VIOLENCE|HOUSING|LAW,-37.278287226748226,145.01122874822326,1,0,0
VIC,KILSYTH,DISABILITIES|HOUSING,-37.8143891672458,145.31849034054233,22,17,1.2941176470588236
VIC,KINGLAKE,HOUSING|SUPPORT & COUNSELLING,-37.51082918680773,145.35683704577272,2,2,1
VIC,KINGS PARK,FAMILY VIOLENCE|HOUSING|LAW,-37.73371693877894,144.77196867508184,10,0,0
VIC,KINGSBURY,HOUSING,-37.7139677,145.0446685,5,0,0
VIC,KINGSTON,DISABILITIES|HEALTH|HOUSING|MENTAL HEALTH,-37.37824517625389,143.95679365847818,1,0,0
VIC,KINGSVILLE,DISABILITIES|HOUSING|SUPPORT & COUNSELLING,-37.80885462816281,144.87943191916844,0,6,0
VIC,KNEBSWORTH,DISABILITIES|HEALTH|HOUSING|MENTAL HEALTH,-37.98882805066968,141.8716756072697,1,0,0
VIC,KNOXFIELD,HOUSING,-37.89056504517587,145.24937942033142,33,4,8.25
VIC,KOO WEE RUP,ALCOHOL & OTHER DRUGS|DISABILITIES|HEALTH|HOUSING|MENTAL HEALTH|SUPPORT & COUNSELLING,-38.187826731031365,145.48762290891057,0,3,0
VIC,KOONDROOK,DISABILITIES|HEALTH|HOUSING|MENTAL HEALTH,-35.643485998718724,144.10933524036878,2,0,0
VIC,KOOYONG,DISABILITIES|HOUSING|SUPPORT & COUNSELLING,-37.84137445716219,145.03583632225227,0,2,0
VIC,KOROBEIT,HOUSING,-37.581272128802716,144.34310379083146,1,0,0
VIC,KOROIT,HOUSING,-38.273627866197266,142.3727060778552,4,0,0
VIC,KORUMBURRA,HOUSING,-38.437848182683055,145.81508803090205,11,7,1.5714285714285714
VIC,KURUNJANG,HOUSING,-37.66090404254869,144.5914803437649,12,0,0
VIC,KYABRAM,DISABILITIES|FOOD|HEALTH|HOUSING|MENTAL HEALTH|SUPPORT & COUNSELLING,-36.32708617312306,145.03638603449073,10,15,0.6666666666666666
VIC,KYABRAM SOUTH,FAMILY VIOLENCE|HOUSING|LAW,-36.38482102681829,145.06791957624978,1,0,0
VIC,KYNETON,DISABILITIES|FOOD|HEALTH|HOUSING|MENTAL HEALTH|SUPPORT & COUNSELLING,-37.22738318333774,144.45867052400334,5,14,0.35714285714285715
VIC,KYVALLEY,HOUSING,-36.280716329623694,145.00557576112823,5,0,0
VIC,LADYS PASS,FAMILY VIOLENCE|HOUSING|LAW,-36.820672338078964,144.69242600669304,2,0,0
VIC,LAKE EILDON,DISABILITIES|HEALTH|HOUSING|MENTAL HEALTH,-37.18271537791822,145.96797768274055,1,0,0
VIC,LAKE WENDOUREE,ALCOHOL & OTHER DRUGS|DISABILITIES|HEALTH|HOUSING,-37.55015606101131,143.8340145471169,0,2,0
VIC,LAKES ENTRANCE,EMPLOYMENT|HOUSING|SUPPORT & COUNSELLING,-37.85389888145649,148.00092741146872,19,14,1.3571428571428572
VIC,LALOR,DISABILITIES|HOUSING|MENTAL HEALTH,-37.66584667832597,145.0074695116206,90,2,45
VIC,LANCE CREEK,HOUSING,-38.548125476036056,145.67425414894595,44,0,0
VIC,LANCEFIELD,DISABILITIES|HOUSING|MENTAL HEALTH,-37.26125690575371,144.71149865694204,1,2,0.5
VIC,LANG LANG,HOUSING,-38.29542297730044,145.5820000224771,13,0,0
VIC,LANGI KAL KAL,HOUSING|LAW,-37.37976556519693,143.49727782883207,0,1,0
VIC,LANGLEY,DISABILITIES|HEALTH|HOUSING|MENTAL HEALTH,-37.150067105146654,144.5010803727414,6,0,0
VIC,LANGWARRIN,HOUSING,-38.15457470911654,145.19738868045272,36,0,0
VIC,LARA,HOUSING,-38.00479208944228,144.40188257907946,30,5,6
VIC,LARDNER,HOUSING|SUPPORT & COUNSELLING,-38.217593208450985,145.87338885468844,1,0,0
VIC,LAUNCHING PLACE,HOUSING,-37.77804339540735,145.57617660082548,7,0,0
VIC,LAVERTON,DISABILITIES|HEALTH|HOUSING|LAW|MENTAL HEALTH|SUPPORT & COUNSELLING,-37.85918743807476,144.7674938098354,98,2,49
VIC,LAVERTON NORTH,HOUSING,-37.83005440909492,144.78699995963865,9,0,0
VIC,LEARMONTH,DISABILITIES|HOUSING,-37.42077414112189,143.7219955684219,0,2,0
VIC,LEITCHVILLE,HOUSING,-35.91301097524556,144.29118737494665,1,0,0
VIC,LEONGATHA,HOUSING,-38.47403259358956,145.94366820308437,5,25,0.2
VIC,LEOPOLD,HOUSING,-38.19444615425968,144.46708883075726,14,5,2.8
VIC,LILYDALE,HOUSING,-37.75566464725503,145.3678112647179,126,26,4.846153846153846
VIC,LINDENOW SOUTH,DISABILITIES|HOUSING,-37.86837271350242,147.42260007355074,51,0,0
VIC,LISMORE,HOUSING,-37.968208293245034,143.35068761180443,3,0,0
VIC,LITTLE RIVER,HOUSING,-37.93197832295702,144.46680667475937,2,1,2
VIC,LOCKWOOD SOUTH,FAMILY VIOLENCE|HOUSING|LAW,-36.87232738189044,144.14284727693763,1,0,0
VIC,LOGAN,HOUSING,-36.62781993728949,143.4839236119677,18,0,0
VIC,LONG FOREST,FAMILY VIOLENCE|HOUSING|LAW,-37.6379233,144.5107592,8,0,0
VIC,LONG GULLY,EMPLOYMENT|HEALTH|HOUSING|LAW,-36.74309711939783,144.2582135568285,1,3,0.3333333333333333
VIC,LONGERENONG,HOUSING,-36.68413290541723,142.34455931818684,0,1,0
VIC,LONGWARRY,FOOD|HOUSING,-38.12256143324279,145.77195639324685,0,1,0
VIC,LONGWARRY NORTH,HOUSING|SUPPORT & COUNSELLING,-38.08049135983882,145.78186908968553,3,0,0
VIC,LORNE,HOUSING,-38.53330346189012,143.92575731747712,2,3,0.6666666666666666
VIC,LOVELY BANKS,FAMILY VIOLENCE|HOUSING|LAW,-38.04070313425397,144.32235780410926,1,0,0
VIC,LOWER PLENTY,DISABILITIES|HOUSING,-37.73881848236744,145.11617185497641,7,5,1.4
VIC,LUCAS,HOUSING|SUPPORT & COUNSELLING,-37.55411084187457,143.7690839769837,162,3,54
VIC,LUCKNOW,HOUSING,-37.80913818974078,147.64773991829207,1,0,0
VIC,LYNBROOK,DISABILITIES|HOUSING|SUPPORT & COUNSELLING,-38.055827358107535,145.25611998809293,34,8,4.25
VIC,LYNDHURST,DISABILITIES|FAMILY VIOLENCE|HEALTH|HOUSING|LAW|MENTAL HEALTH,-38.06849349611549,145.2307036766386,2,0,0
VIC,LYSTERFIELD,HOUSING,-37.93534028393276,145.30082923829227,0,3,0
VIC,LYSTERFIELD SOUTH,HOUSING,-37.958771088586275,145.27150267707037,1,0,0
VIC,MACEDON,DISABILITIES|HEALTH|HOUSING|MENTAL HEALTH,-37.428161179391466,144.55567450927074,1,0,0
VIC,MACLEOD,HEALTH|HOUSING|SUPPORT & COUNSELLING,-37.721213313547764,145.07046376551335,21,8,2.625
VIC,MADDINGLEY,HOUSING,-37.68764544081229,144.41854858132814,1,0,0
VIC,MAFFRA,DISABILITIES|HEALTH|HOUSING|MENTAL HEALTH,-37.95761127846326,146.99383300926348,1,6,0.16666666666666666
VIC,MAIDSTONE,HOUSING|SUPPORT & COUNSELLING,-37.78192951968649,144.8741421333675,12,14,0.8571428571428571
VIC,MAILORS FLAT,FAMILY VIOLENCE|HOUSING|LAW,-38.2880206107986,142.4647801946565,1,0,0
VIC,MAIN LEAD,HOUSING,-37.385879186061715,143.3770166939467,4,0,0
VIC,MALDON,EMPLOYMENT|HEALTH|HOUSING|LAW,-36.9979400510375,144.0702966989497,0,3,0
VIC,MALLACOOTA,HEALTH|HOUSING|LAW|SUPPORT & COUNSELLING,-37.5098182416312,149.79887232280853,0,6,0
VIC,MALVERN,DISABILITIES|FOOD|HOUSING|SUPPORT & COUNSELLING,-37.85681648137771,145.03500993271737,17,3,5.666666666666667
VIC,MALVERN EAST,HOUSING,-37.87662990749509,145.065400486274,55,32,1.71875
VIC,MAMBOURIN,HOUSING,-37.899755010354816,144.55315238763222,68,0,0
VIC,MANANGATANG,HOUSING,-35.05277487340473,142.90027712986412,0,2,0
VIC,MANSFIELD,DISABILITIES|HOUSING|MENTAL HEALTH,-37.058119878720156,146.079750614052,2,6,0.3333333333333333
VIC,MARAMINGO CREEK,FAMILY VIOLENCE|HOUSING|LAW,-37.397377130475725,149.62015950602137,1,0,0
VIC,MARDAN,HOUSING|SUPPORT & COUNSELLING,-38.47124967744197,146.12693245546816,8,0,0
VIC,MARIBYRNONG,HOUSING,-37.772691002496686,144.8877634622695,17,0,0
VIC,MARSHALL,HOUSING,-38.19752532769588,144.3572626561265,0,4,0
VIC,MARYBOROUGH,DISABILITIES|HOUSING|SUPPORT & COUNSELLING,-37.0473331344883,143.7446051994402,17,19,0.8947368421052632
VIC,MARYSVILLE,HOUSING,-37.517973206917716,145.79514285334812,1,0,0
VIC,MAUDE,FAMILY VIOLENCE|HOUSING|LAW,-37.94661826131494,144.18831108577672,1,0,0
VIC,MCCRAE,HOUSING,-38.355947766303174,144.93251838811435,1,0,0
VIC,MCKINNON,HOUSING,-37.91074212744174,145.03865192010565,25,6,4.166666666666667
VIC,MCMAHONS CREEK,HOUSING,-37.71023609665365,145.8470902161268,1,0,0
VIC,MEAD,HOUSING,-35.810792384550844,144.1150099470824,1,0,0
VIC,MEADOW HEIGHTS,HOUSING,-37.65119366487869,144.91820375920545,40,3,13.333333333333334
VIC,MELBOURNE,HOUSING|SUPPORT & COUNSELLING,-37.825054366180964,144.97150798476227,18264,181,100.9060773480663
VIC,MELBOURNE AIRPORT,FAMILY VIOLENCE|HOUSING|LAW,-37.673759999329945,144.838021967235,26,0,0
VIC,MELTON,HEALTH|HOUSING|SUPPORT & COUNSELLING,-37.67564175384715,144.611756407399,192,16,12
VIC,MELTON SOUTH,HEALTH|HOUSING|SUPPORT & COUNSELLING,-37.706886223288244,144.5707659174379,21,14,1.5
VIC,MELTON WEST,FAMILY VIOLENCE|HOUSING|LAW,-37.67914839102902,144.54112395556268,26,0,0
VIC,MENTONE,EMPLOYMENT|HEALTH|HOUSING|LAW,-37.98158789210357,145.0694069766498,12,20,0.6
VIC,MERBEIN,HOUSING,-34.161336732546495,142.04750164043233,2,0,0
VIC,MEREDITH,EMPLOYMENT|HEALTH|HOUSING|LAW,-37.86230760888775,144.04166581378806,1,1,1
VIC,MERINGUR,HOUSING,-34.396372475123556,141.28387806818768,4,0,0
VIC,MERINO,HOUSING,-37.728382633605285,141.5481024932975,1,0,0
VIC,MERNDA,FAMILY VIOLENCE|HEALTH|HOUSING|LAW|MENTAL HEALTH|SUPPORT & COUNSELLING,-37.59166012529972,145.08366976282448,174,1,174
VIC,MERRIANG,DISABILITIES|HEALTH|HOUSING|MENTAL HEALTH,-36.56462792227695,146.68647731004685,1,0,0
VIC,MERRICKS BEACH,FAMILY VIOLENCE|HOUSING|LAW,-38.393924789025206,145.1069924698,2,0,0
VIC,METUNG,DISABILITIES|HOUSING,-37.86862498478055,147.84352642040423,1,0,0
VIC,MICKLEHAM,HOUSING,-37.53983242898861,144.9006252791555,5,0,0
VIC,MIDDLE PARK,HOUSING,-37.852658236086235,144.95866748630186,2,0,0
VIC,MIEPOLL,FAMILY VIOLENCE|HOUSING|LAW,-36.6583965,145.4762626,1,0,0
VIC,MILDURA,HOUSING,-34.20802391086078,142.12454100437242,141,49,2.877551020408163
VIC,MILL PARK,HOUSING,-37.66420052631898,145.06425460500725,89,4,22.25
VIC,MILLGROVE,HOUSING,-37.74484846618948,145.65070371000007,4,0,0
VIC,MINERS REST,HOUSING,-37.48006864321534,143.79750723065214,7,0,0
VIC,MINYIP,HOUSING,-36.45747707493128,142.6381544498687,0,3,0
VIC,MIRAM,HOUSING|LAW,-36.37406798753007,141.37921973222956,1,0,0
VIC,MIRBOO NORTH,HOUSING,-38.39506569383158,146.14984477322287,2,2,1
VIC,MITCHAM,DISABILITIES|HOUSING|SUPPORT & COUNSELLING,-37.81817954688096,145.19900241911458,33,7,4.714285714285714
VIC,MITCHELL PARK,DISABILITIES|HEALTH|HOUSING|MENTAL HEALTH,-37.5069136824277,143.77979590003656,25,0,0
VIC,MODELLA,DISABILITIES|HOUSING,-38.17786480305112,145.72235896453478,1,0,0
VIC,MOE,ALCOHOL & OTHER DRUGS|DISABILITIES|HEALTH|HOUSING|LAW|MENTAL HEALTH|SUPPORT & COUNSELLING,-38.17860858318465,146.25032835561942,37,14,2.642857142857143
VIC,MONBULK,HOUSING,-37.87400086194608,145.42781699733098,19,0,0
VIC,MONT ALBERT,HOUSING,-37.81768352997227,145.10777821059872,39,4,9.75
VIC,MONT ALBERT NORTH,DISABILITIES|HOUSING,-37.80332137291783,145.11080631676555,2,5,0.4
VIC,MONTMORENCY,HOUSING|SUPPORT & COUNSELLING,-37.71891444543149,145.12512204697882,12,0,0
VIC,MONTROSE,HOUSING,-37.81262218146603,145.34714834909315,8,4,2
VIC,MOOLAP,HOUSING|SUPPORT & COUNSELLING,-38.17988325854109,144.42481882264119,6,3,2
VIC,MOONEE PONDS,HOUSING,-37.76562541153412,144.9214379948747,51,19,2.6842105263157894
VIC,MOORABBIN,DISABILITIES|HEALTH|HOUSING,-37.94145787908693,145.0577811597877,23,14,1.6428571428571428
VIC,MOORABBIN AIRPORT,HOUSING,-37.97743432629335,145.0997687323861,16,0,0
VIC,MOORILIM,FAMILY VIOLENCE|HOUSING|LAW,-36.63069451117525,145.3045028080709,1,0,0
VIC,MOOROODUC,ALCOHOL & OTHER DRUGS|HEALTH|HOUSING|SUPPORT & COUNSELLING,-38.24708134405837,145.1189630219126,0,1,0
VIC,MOOROOLBARK,ALCOHOL & OTHER DRUGS|EMPLOYMENT|HEALTH|HOUSING|LAW|MENTAL HEALTH|SUPPORT & COUNSELLING,-37.781325699911285,145.32560803766742,68,7,9.714285714285714
VIC,MOOROOPNA,DISABILITIES|HOUSING|SUPPORT & COUNSELLING,-36.397701409565315,145.34510481907807,10,17,0.5882352941176471
VIC,MOOROOPNA NORTH WEST,HOUSING,-36.34723454811577,145.2512803243967,1,0,0
VIC,MORDIALLOC,HOUSING,-37.9993972842282,145.0960746059592,14,9,1.5555555555555556
VIC,MORNINGTON,DISABILITIES|HOUSING|SUPPORT & COUNSELLING,-38.23029401888479,145.0600768566198,153,33,4.636363636363637
VIC,MORTLAKE,HOUSING,-38.05771008278687,142.80892796985458,0,2,0
VIC,MORWELL,DISABILITIES|HOUSING|SUPPORT & COUNSELLING,-38.22758748514142,146.41461518599803,72,95,0.7578947368421053
VIC,MOUNT BEAUTY,EMPLOYMENT|HEALTH|HOUSING|LAW,-36.75130170240137,147.2253957626287,2,3,0.6666666666666666
VIC,MOUNT CLEAR,HOUSING,-37.609697640908514,143.8701866661607,2,0,0
VIC,MOUNT ELIZA,DISABILITIES|HEALTH|HOUSING,-38.195034539594204,145.0927096834204,12,7,1.7142857142857142
VIC,MOUNT EVELYN,HOUSING,-37.787460574177175,145.388024762257,21,2,10.5
VIC,MOUNT HELEN,FAMILY VIOLENCE|HOUSING|LAW|SUPPORT & COUNSELLING,-37.62807822362442,143.88562010393423,0,8,0
VIC,MOUNT MACEDON,DISABILITIES|HEALTH|HOUSING|MENTAL HEALTH,-37.39354839830934,144.59437845514734,4,0,0
VIC,MOUNT MARTHA,HOUSING|SUPPORT & COUNSELLING,-38.275482049532044,145.03064288238625,15,9,1.6666666666666667
VIC,MOUNT WAVERLEY,HEALTH|HOUSING|SUPPORT & COUNSELLING,-37.87838193506231,145.12849624320435,68,19,3.5789473684210527
VIC,MOYSTON,FAMILY VIOLENCE|HOUSING|LAW,-37.29095053539647,142.7373037922809,11,0,0
VIC,MUCKATAH,HOUSING,-36.00317308128239,145.65116770646634,7,0,0
VIC,MULGRAVE,HOUSING|SUPPORT & COUNSELLING,-37.92568512555605,145.17597422238538,29,7,4.142857142857143
VIC,MURCHISON,HOUSING,-36.62519571238106,145.179696471489,2,2,1
VIC,MURGHEBOLUC,DISABILITIES|HEALTH|HOUSING|MENTAL HEALTH,-38.10039836451672,144.13886326749324,21,0,0
VIC,MURRAYVILLE,DISABILITIES|HOUSING|SUPPORT & COUNSELLING,-35.19764969444992,141.2062710703178,0,2,0
VIC,MURRUMBEENA,HOUSING,-37.89669556224204,145.0701488718951,14,5,2.8
VIC,MURTOA,EMPLOYMENT|HEALTH|HOUSING|LAW,-36.601484952400575,142.47913778305795,2,1,2
VIC,MYRTLEFORD,HEALTH|HOUSING|SUPPORT & COUNSELLING,-36.57231858279276,146.73952460890422,0,4,0
VIC,NAGAMBIE,HOUSING,-36.783307411134764,145.21534825407497,7,2,3.5
VIC,NAMBROK,DISABILITIES|HEALTH|HOUSING|MENTAL HEALTH,-38.0767743,146.9035059,1,0,0
VIC,NANGANA,HOUSING,-37.87760804206376,145.53595275204415,9,0,0
VIC,NAR NAR GOON,FAMILY VIOLENCE|HOUSING|LAW,-38.10594565056662,145.56895429390113,1,0,0
VIC,NARBETHONG,HOUSING,-37.53043242079238,145.63294009308615,1,0,0
VIC,NARRACAN,HOUSING,-38.27104731816126,146.23665669522245,3,0,0
VIC,NARRE WARREN,DISABILITIES|HOUSING|SUPPORT & COUNSELLING,-38.0191344229953,145.30600021071572,71,21,3.380952380952381
VIC,NARRE WARREN NORTH,HOUSING,-37.98192494870831,145.31325741504105,17,4,4.25
VIC,NARRE WARREN SOUTH,HOUSING,-38.0553141180892,145.30251091613354,90,3,30
VIC,NATHALIA,DISABILITIES|HEALTH|HOUSING|MENTAL HEALTH,-36.057511430775264,145.1953867849674,0,4,0
VIC,NATIMUK,HOUSING,-36.73535600442408,141.93594740126366,0,4,0
VIC,NEERIM,FAMILY VIOLENCE|HOUSING|LAW,-37.95509469094424,145.9608473879943,1,0,0
VIC,NEERIM SOUTH,HOUSING,-38.01311663405381,145.98379334817912,0,3,0
VIC,NEW GISBORNE,HOUSING,-37.473517699999995,144.61134869999998,3,0,0
VIC,NEWBOROUGH,EMPLOYMENT|HEALTH|HOUSING|SUPPORT & COUNSELLING,-38.17601225597928,146.2930200631808,10,3,3.3333333333333335
VIC,NEWCOMB,ALCOHOL & OTHER DRUGS|HEALTH|HOUSING,-38.16313589753541,144.39534228002958,4,6,0.6666666666666666
VIC,NEWFIELD,HOUSING|SUPPORT & COUNSELLING,-38.562554017659316,143.0105041003759,3,0,0
VIC,NEWHAVEN,DISABILITIES|HEALTH|HOUSING|MENTAL HEALTH,-38.51569638638525,145.33235848804918,3,0,0
VIC,NEWPORT,HOUSING,-37.843600204831844,144.8804535899432,15,5,3
VIC,NEWSTEAD,FAMILY VIOLENCE|HOUSING|LAW,-37.1056935220758,144.05398454507858,1,0,0
VIC,NEWTOWN,DISABILITIES|HOUSING,-38.15398944123153,144.33504948880434,172,6,28.666666666666668
VIC,NHILL,HOUSING,-36.30080143025117,141.59117956855556,1,7,0.14285714285714285
VIC,NICHOLS POINT,DISABILITIES|HEALTH|HOUSING|MENTAL HEALTH,-34.21197340979786,142.21454443801886,3,0,0
VIC,NIDDRIE,DISABILITIES|HEALTH|HOUSING|MENTAL HEALTH,-37.7394718634236,144.88465637442843,31,0,0
VIC,NILMA,HOUSING,-38.1761025,145.973293,2,0,0
VIC,NINTINGBOOL,HOUSING,-37.61049577112896,143.72100825800797,3,0,0
VIC,NOBLE PARK,HOUSING,-37.96950905755126,145.176899877744,41,31,1.3225806451612903
VIC,NOBLE PARK NORTH,HOUSING,-37.951280279386445,145.19059412454544,70,0,0
VIC,NOORINBEE,HOUSING,-37.51546374735626,149.2153003768029,1,0,0
VIC,NORLANE,DISABILITIES|HOUSING|SUPPORT & COUNSELLING,-38.091868712204864,144.35369472231463,28,7,4
VIC,NORTH BENDIGO,HOUSING|SUPPORT & COUNSELLING,-36.73746156471914,144.28043523649112,0,1,0
VIC,NORTH GEELONG,HEALTH|HOUSING,-38.11574043737251,144.34916776914915,0,20,0
VIC,NORTH MELBOURNE,EMPLOYMENT|HEALTH|HOUSING|LAW,-37.79845195997144,144.94481555376348,134,44,3.0454545454545454
VIC,NORTH SHORE,DISABILITIES|FAMILY VIOLENCE|HOUSING|LAW,-38.09501561348256,144.37336487425134,96,0,0
VIC,NORTH WARRANDYTE,HOUSING,-37.72781915034887,145.21246447241418,4,0,0
VIC,NORTHCOTE,DISABILITIES|HEALTH|HOUSING|LAW|MENTAL HEALTH|SUPPORT & COUNSELLING,-37.77253000287411,145.00055850040405,166,27,6.148148148148148
VIC,NOTTING HILL,HOUSING,-37.90475520147136,145.14175132957917,41,8,5.125
VIC,NOWA NOWA,HOUSING,-37.693291021037936,148.02013774099095,3,0,0
VIC,NULLA VALE,HOUSING,-37.172010768132466,144.76464210472486,3,0,0
VIC,NULLAWIL,HOUSING,-35.85775076172122,143.1406671183026,1,0,0
VIC,NUMURKAH,HOUSING,-36.08611012080302,145.43430726584774,2,5,0.4
VIC,NUNAWADING,DISABILITIES|HOUSING|SUPPORT & COUNSELLING,-37.81736174830048,145.1765273700734,63,20,3.15
VIC,NUNNIONG,HOUSING,-37.22423642089587,147.95416017082312,1,0,0
VIC,NURRAN,FAMILY VIOLENCE|HOUSING|LAW,-37.495850264305076,148.58121156313612,4,0,0
VIC,NUTFIELD,EMPLOYMENT|HEALTH|HOUSING|MENTAL HEALTH,-37.60212193335936,145.18550212372568,0,1,0
VIC,NYAH WEST,HEALTH|HOUSING|SUPPORT & COUNSELLING,-35.18352968836624,143.3357712185915,0,2,0
VIC,NYERIMILANG,HOUSING|SUPPORT & COUNSELLING,-37.889585756462125,147.91913986699134,12,0,0
VIC,NYORA,ALCOHOL & OTHER DRUGS|HEALTH|HOUSING,-38.308661535132025,145.6836670358404,1,1,1
VIC,OAK PARK,DISABILITIES|HOUSING,-37.71750681587195,144.91698884805103,92,0,0
VIC,OAKLEIGH,DISABILITIES|HOUSING|SUPPORT & COUNSELLING,-37.9006842945304,145.09567529753423,76,20,3.8
VIC,OAKLEIGH EAST,HOUSING,-37.90390778243318,145.11532478466341,2,15,0.13333333333333333
VIC,OAKLEIGH SOUTH,HOUSING,-37.92439290085053,145.09428182981344,22,0,0
VIC,OAKVALE,HOUSING,-35.930070452214,143.54325627479633,12,0,0
VIC,OCEAN GROVE,DISABILITIES|HOUSING,-38.25954706059801,144.53820522720358,20,5,4
VIC,OFFICER,HOUSING,-38.054242287872356,145.41253513067196,23,2,11.5
VIC,OLINDA,HOUSING,-37.8525679639755,145.379874819816,2,0,0
VIC,OMEO,HEALTH|HOUSING|SUPPORT & COUNSELLING,-37.11043586098264,147.58555327856533,0,3,0
VIC,OMEO VALLEY,FAMILY VIOLENCE|HOUSING|LAW,-36.947119279833224,147.61572086979334,1,0,0
VIC,ORBOST,HOUSING|SUPPORT & COUNSELLING,-37.65151546181308,148.51472482491832,0,19,0
VIC,ORMOND,HOUSING,-37.90391500129681,145.04175385470876,2,8,0.25
VIC,OUYEN,EMPLOYMENT|HEALTH|HOUSING|LAW|SUPPORT & COUNSELLING,-35.04882774583277,142.29542681931827,2,7,0.2857142857142857
VIC,PAARATTE,HOUSING,-38.553748971117415,142.96789132078192,3,0,0
VIC,PAKENHAM,DISABILITIES|HOUSING|SUPPORT & COUNSELLING,-38.073585542865665,145.4851599614286,74,36,2.0555555555555554
VIC,PAKENHAM SOUTH,HOUSING|SUPPORT & COUNSELLING,-38.13754017952611,145.50210923977414,1,0,0
VIC,PAKENHAM UPPER,HOUSING|SUPPORT & COUNSELLING,-38.00780890667996,145.5077501535475,1,0,0
VIC,PARK ORCHARDS,HOUSING,-37.77700401079543,145.21476051794443,1,1,1
VIC,PARKDALE,HOUSING,-37.99182168432291,145.08128976848116,2,2,1
VIC,PARKVILLE,ALCOHOL & OTHER DRUGS|HEALTH|HOUSING,-37.786847386872196,144.95129801734984,840,18,46.666666666666664
VIC,PASCOE VALE,HOUSING,-37.72501396742509,144.9381735054941,24,6,4
VIC,PASCOE VALE SOUTH,HOUSING,-37.74314096277649,144.9383641833505,73,2,36.5
VIC,PATCHEWOLLOCK,HOUSING|SUPPORT & COUNSELLING,-35.435334113891116,142.18758809131333,1,0,0
VIC,PATTERSON LAKES,DISABILITIES|HOUSING,-38.06950596569825,145.14327512467105,26,3,8.666666666666666
VIC,PAYNESVILLE,HOUSING,-37.911257877083585,147.7123328570592,0,2,0
VIC,PEARCEDALE,HOUSING,-38.19777190765259,145.24774897576972,1,0,0
VIC,PENSHURST,HOUSING,-37.86896268972226,142.31684803232537,0,2,0
VIC,PERRY BRIDGE,HOUSING,-37.99124204478538,147.27455043533917,1,0,0
VIC,PETERBOROUGH,DISABILITIES|HEALTH|HOUSING|MENTAL HEALTH,-38.588002848007235,142.88219448160032,1,0,0
VIC,PETTICOAT CREEK,HOUSING,-38.713495373765106,143.7311790352916,2,0,0
VIC,PHEASANT CREEK,DISABILITIES|HEALTH|HOUSING|MENTAL HEALTH,-37.47119185070029,145.29254714383606,11,0,0
VIC,PLENTY,HOUSING,-37.66741898883592,145.11235608712678,1,0,0
VIC,POINT COOK,HOUSING|SUPPORT & COUNSELLING,-37.9056105133885,144.75160666600732,35,0,0
VIC,POINT LONSDALE,DISABILITIES|HOUSING|SUPPORT & COUNSELLING,-38.2682122907743,144.6018979305745,0,8,0
VIC,POINT WILSON,FAMILY VIOLENCE|HOUSING|LAW,-38.025781658286974,144.52682580859442,19,0,0
VIC,POMBORNEIT,DISABILITIES|HOUSING,-38.29219303697065,143.28830923866434,9,0,0
VIC,PORT ALBERT,FAMILY VIOLENCE|HOUSING|LAW,-38.69858220590771,146.66027929698592,1,0,0
VIC,PORT FAIRY,DISABILITIES|FOOD|HEALTH|HOUSING|MENTAL HEALTH|SUPPORT & COUNSELLING,-38.335249407609496,142.17989244569767,4,5,0.8
VIC,PORT FRANKLIN,DISABILITIES|HEALTH|HOUSING|MENTAL HEALTH,-38.68558193500325,146.26841469195375,3,0,0
VIC,PORT MELBOURNE,FAMILY VIOLENCE|HEALTH|HOUSING|LAW|SUPPORT & COUNSELLING,-37.8330177539264,144.92163246578224,65,7,9.285714285714286
VIC,PORTARLINGTON,HOUSING|SUPPORT & COUNSELLING,-38.13767104284757,144.66362445750045,5,5,1
VIC,PORTLAND,DISABILITIES|HOUSING,-38.36090008296141,141.6041219296658,1,21,0.047619047619047616
VIC,POUND CREEK,HOUSING,-38.6168817529399,145.8453938888987,10,0,0
VIC,PRAHRAN,HOUSING,-37.85176286906878,145.00034092188164,60,25,2.4
VIC,PRESTON,DISABILITIES|HEALTH|HOUSING|MENTAL HEALTH|SUPPORT & COUNSELLING,-37.7416859579475,145.0080364805396,339,50,6.78
VIC,PRINCES HILL,HOUSING,-37.78181847844338,144.96658717290748,5,0,0
VIC,PRINCETOWN,HOUSING,-38.65134590285431,143.1720122157163,1,0,0
VIC,PUCKAPUNYAL,HEALTH|HOUSING|SUPPORT & COUNSELLING,-36.93564829686964,144.9486555240644,0,1,0
VIC,PYRAMID HILL,HOUSING,-36.04940363750177,144.13197200819658,3,5,0.6
VIC,QUAMBATOOK,HOUSING|SUPPORT & COUNSELLING,-35.84675995748255,143.5295420141868,0,3,0
VIC,QUANDONG,HOUSING,-37.84386594352194,144.5029676039154,421,0,0
VIC,QUEENSCLIFF,DISABILITIES|HOUSING|SUPPORT & COUNSELLING,-38.26687100012474,144.64645389948205,3,5,0.6
VIC,QUEENSFERRY,FAMILY VIOLENCE|HOUSING|LAW,-38.41876640949989,145.50111131726234,1,0,0
VIC,RAINBOW,HOUSING,-35.905627098492275,141.96319172642302,0,2,0
VIC,RAVENHALL,DISABILITIES|HOUSING|SUPPORT & COUNSELLING,-37.77548873158245,144.73658266913003,6,4,1.5
VIC,RAYMOND ISLAND,HOUSING,-37.916667,147.733333,3,0,0
VIC,RED CLIFFS,EMPLOYMENT|HEALTH|HOUSING|LAW,-34.342758603503974,142.24713390925902,3,3,1
VIC,RED HILL,DISABILITIES|HEALTH|HOUSING|MENTAL HEALTH,-38.36347988820861,145.01607515100054,3,0,0
VIC,RED HILL SOUTH,DISABILITIES|HOUSING|SUPPORT & COUNSELLING,-38.38774156983165,145.03939588683258,2,1,2
VIC,REDAN,HOUSING,-37.576440250392494,143.83845013056606,0,1,0
VIC,REEDY CREEK,DISABILITIES|HEALTH|HOUSING|MENTAL HEALTH,-37.25581504935245,145.1539923091926,3,0,0
VIC,RESEARCH,HOUSING|SUPPORT & COUNSELLING,-37.706815931157564,145.18778210806545,27,0,0
VIC,RESERVOIR,HEALTH|HOUSING|SUPPORT & COUNSELLING,-37.71201102234765,145.0068877848062,313,36,8.694444444444445
VIC,RICHMOND,ALCOHOL & OTHER DRUGS|FAMILY VIOLENCE|HEALTH|HOUSING|LAW|SUPPORT & COUNSELLING,-37.82033573454353,145.00245755841075,434,36,12.055555555555555
VIC,RICHMOND PLAINS,HOUSING,-36.39916762312617,143.47855742454047,11,0,0
VIC,RIDDELLS CREEK,HOUSING,-37.44378691487963,144.68320640029168,2,0,0
VIC,RINGWOOD,HOUSING,-37.811520450647016,145.23340671584052,134,70,1.9142857142857144
VIC,RINGWOOD EAST,DISABILITIES|HEALTH|HOUSING|SUPPORT & COUNSELLING,-37.81331120483633,145.25347407340928,49,4,12.25
VIC,RINGWOOD NORTH,HEALTH|HOUSING|SUPPORT & COUNSELLING,-37.7930537905594,145.23119362319093,3,6,0.5
VIC,RIPPLESIDE,HOUSING|SUPPORT & COUNSELLING,-38.12380499227045,144.35573770365974,31,5,6.2
VIC,RIPPONLEA,FAMILY VIOLENCE|HOUSING|LAW,-37.877771755720055,144.99527650892014,27,0,0
VIC,ROBINVALE,HOUSING,-34.61906009423936,142.7540340801218,0,14,0
VIC,ROCHESTER,HOUSING,-36.3613993583751,144.6805471879529,3,4,0.75
VIC,ROCKBANK,HOUSING,-37.733892889830805,144.64905512930568,7,0,0
VIC,ROKEWOOD,HOUSING,-37.92721170270934,143.74824680204617,1,0,0
VIC,ROMSEY,EMPLOYMENT|HEALTH|HOUSING|LAW,-37.352602385696564,144.72896429836223,3,3,1
VIC,ROSANNA,HOUSING,-37.73964188879249,145.06968249385906,38,9,4.222222222222222
VIC,ROSEBUD,HOUSING,-38.37372183723698,144.91359555672696,108,25,4.32
VIC,ROSEDALE,HOUSING|SUPPORT & COUNSELLING,-38.18327307177809,146.8291925065209,2,0,0
VIC,ROSS CREEK,HOUSING,-37.646186146178394,143.76418316271287,1,0,0
VIC,ROWVILLE,HOUSING,-37.92435575702472,145.24393127296017,39,3,13
VIC,ROXBURGH PARK,DISABILITIES|HOUSING|MENTAL HEALTH,-37.625768752100846,144.92539534009353,21,2,10.5
VIC,RUPANYUP,HOUSING,-36.633959320743884,142.67528971186977,0,3,0
VIC,RUSHWORTH,HOUSING,-36.58127484104903,144.99879086523651,0,4,0
VIC,RUTHERGLEN,HEALTH|HOUSING|SUPPORT & COUNSELLING,-36.05890306758938,146.49340582454786,2,3,0.6666666666666666
VIC,RYANSTON,HOUSING,-38.508340476739576,145.5890483771313,1,0,0
VIC,RYE,FAMILY VIOLENCE|HOUSING|LAW,-38.38526091467555,144.81216193335231,45,0,0
VIC,RYTHDALE,HOUSING,-38.139558676535025,145.4625995897432,72,0,0
VIC,SAFETY BEACH,HEALTH|HOUSING|SUPPORT & COUNSELLING,-38.315380772476075,145.0001390093684,23,6,3.8333333333333335
VIC,SALE,ALCOHOL & OTHER DRUGS|DISABILITIES|HEALTH|HOUSING|LAW|MENTAL HEALTH|SUPPORT & COUNSELLING,-38.10260284495819,147.0730400639481,53,44,1.2045454545454546
VIC,SAN REMO,HOUSING|SUPPORT & COUNSELLING,-38.528025548122955,145.4107963346572,2,5,0.4
VIC,SANDHURST,HOUSING|SUPPORT & COUNSELLING,-38.082094379205316,145.2086870653568,3,0,0
VIC,SANDRINGHAM,HOUSING,-37.95362390859458,145.0146271629045,24,17,1.411764705882353
VIC,SASSAFRAS,FAMILY VIOLENCE|HOUSING|LAW,-37.86353385265142,145.3476776448756,6,0,0
VIC,SCORESBY,HOUSING,-37.901743049926104,145.21884615864488,20,2,10
VIC,SEA LAKE,HOUSING,-35.4965940426848,142.89443568182062,1,2,0.5
VIC,SEABROOK,HOUSING,-37.8810626,144.7634646,3,0,0
VIC,SEAFORD,HOUSING,-38.104707674652396,145.13849728785345,61,4,15.25
VIC,SEBASTOPOL,HEALTH|HOUSING|LAW|SUPPORT & COUNSELLING,-37.60020055089871,143.8356358832276,6,12,0.5
VIC,SEDDON,HOUSING|SUPPORT & COUNSELLING,-37.80663988811221,144.89166934872233,200,1,200
VIC,SELBY,HOUSING,-37.918573594337325,145.37857270601705,7,0,0
VIC,SERPENTINE,HOUSING,-36.42490364982127,143.98283780270222,1,0,0
VIC,SEVILLE,DISABILITIES|HEALTH|HOUSING|MENTAL HEALTH,-37.79264411544177,145.4755388776567,3,0,0
VIC,SEVILLE EAST,HOUSING,-37.778585818178875,145.5031951771805,3,0,0
VIC,SEYMOUR,HOUSING|SUPPORT & COUNSELLING,-37.01608637435012,145.16198568829063,32,27,1.1851851851851851
VIC,SHEEP HILLS,FAMILY VIOLENCE|HOUSING|LAW,-36.34316007831031,142.54430265004655,1,0,0
VIC,SHEPPARTON,HOUSING,-36.37264057136608,145.39781591133266,92,96,0.9583333333333334
VIC,SHEPPARTON EAST,HOUSING,-36.397111445116046,145.4830468803346,5,0,0
VIC,SHEPPARTON NORTH,HOUSING,-36.31946247277983,145.39040786075554,3,0,0
VIC,SHERBROOKE,HOUSING,-37.8884200263023,145.3593008874807,1,0,0
VIC,SHOREHAM,HOUSING,-38.42178918741641,145.0327457102892,0,2,0
VIC,SILVAN,FAMILY VIOLENCE|HOUSING|LAW,-37.83652651218033,145.43345656703724,12,0,0
VIC,SILVERLEAVES,DISABILITIES|HEALTH|HOUSING|MENTAL HEALTH,-38.45310321984609,145.27389270658452,0,1,0
VIC,SIMPSON,EMPLOYMENT|HEALTH|HOUSING|LAW,-38.50353944226706,143.25188721133327,0,1,0
VIC,SKIPTON,HOUSING,-37.69428913281825,143.3390128396984,0,3,0
VIC,SKYE,FAMILY VIOLENCE|HOUSING|LAW,-38.11894168687689,145.19054636527972,5,0,0
VIC,SMYTHES CREEK,HOUSING,-37.60459488670466,143.76726922656786,0,1,0
VIC,SOLDIERS HILL,HOUSING|SUPPORT & COUNSELLING,-37.54945645196371,143.8587125058397,1,3,0.3333333333333333
VIC,SOMERS,DISABILITIES|HEALTH|HOUSING|MENTAL HEALTH,-38.38140108359722,145.16097005228116,1,0,0
VIC,SOMERTON,HOUSING,-37.63461328514488,144.95072914386085,1,0,0
VIC,SOMERVILLE,HOUSING|SUPPORT & COUNSELLING,-38.23213352116942,145.20066554162585,14,3,4.666666666666667
VIC,SORRENTO,DISABILITIES|HEALTH|HOUSING|SUPPORT & COUNSELLING,-38.34462724641237,144.74196288717232,0,3,0
VIC,SOUTH GEELONG,DISABILITIES|HEALTH|HOUSING|MENTAL HEALTH|SUPPORT & COUNSELLING,-38.16675915097469,144.3612160325702,2,1,2
VIC,SOUTH KINGSVILLE,HOUSING,-37.830694492959964,144.8714025381316,40,0,0
VIC,SOUTH MELBOURNE,HOUSING,-37.83394153383096,144.957465828143,107,38,2.8157894736842106
VIC,SOUTH MORANG,DISABILITIES|HOUSING|SUPPORT & COUNSELLING,-37.63231111751888,145.08469559913493,87,11,7.909090909090909
VIC,SOUTH WHARF,HOUSING,-37.823451999999996,144.9556877,1,0,0
VIC,SOUTH YARRA,HOUSING|SUPPORT & COUNSELLING,-37.839232502486674,144.9918590936351,53,10,5.3
VIC,SOUTHBANK,FOOD|HOUSING,-37.82587377994518,144.96227210763172,62,1,62
VIC,SOUTHERN CROSS,DISABILITIES|HEALTH|HOUSING|MENTAL HEALTH,-38.28739244379384,142.40601220282795,1,0,0
VIC,SPRING GULLY,HOUSING,-36.80020858479561,144.28608774646918,0,1,0
VIC,SPRING HILL,HOUSING,-37.303050442230315,144.34788170558514,1,0,0
VIC,SPRINGFIELD,HOUSING,-37.33135501705086,144.82026392548897,4,0,0
VIC,SPRINGVALE,EMPLOYMENT|HEALTH|HOUSING|LAW,-37.94570898390416,145.15796747164057,48,26,1.8461538461538463
VIC,SPRINGVALE SOUTH,HEALTH|HOUSING|SUPPORT & COUNSELLING,-37.970770815459744,145.14801456247656,55,5,11
VIC,ST ALBANS,EMPLOYMENT|HEALTH|HOUSING,-37.74537514218451,144.8052787161319,300,24,12.5
VIC,ST ALBANS PARK,HOUSING,-38.19388199886908,144.3907754448558,35,6,5.833333333333333
VIC,ST ANDREWS,HOUSING,-37.583327616611385,145.28750872943894,1,0,0
VIC,ST ARNAUD,HOUSING,-36.61862293494508,143.2489027229428,9,9,1
VIC,ST HELENA,HOUSING,-37.68949912186871,145.12948006798473,0,4,0
VIC,ST KILDA,DISABILITIES|HEALTH|HOUSING|MENTAL HEALTH|SUPPORT & COUNSELLING,-37.8637001685867,144.9817917089625,168,77,2.1818181818181817
VIC,ST KILDA EAST,HOUSING,-37.866802274147574,145.0021214301558,13,5,2.6
VIC,ST KILDA WEST,HOUSING,-37.85806605742495,144.9712076289319,135,0,0
VIC,ST LEONARDS,HOUSING|SUPPORT & COUNSELLING,-38.178224561704056,144.68544176832938,1,0,0
VIC,STAGHORN FLAT,HOUSING|SUPPORT & COUNSELLING,-36.24111965536408,146.9430153903505,2,0,0
VIC,STANHOPE,HOUSING,-36.462680325368616,144.9819399473269,1,0,0
VIC,STAWELL,DISABILITIES|HOUSING,-37.05817736271939,142.77051736995406,17,14,1.2142857142857142
VIC,STRATFORD,HOUSING,-37.95608045847961,147.1120243512041,2,0,0
VIC,STRATHDALE,EMPLOYMENT|HEALTH|HOUSING|LAW,-36.76591139080725,144.31547016230172,0,2,0
VIC,STRATHEWEN,HOUSING,-37.53876281421416,145.27014131733395,13,0,0
VIC,STRATHFIELDSAYE,HOUSING,-36.80426558090226,144.35578518896443,17,0,0
VIC,STRATHMORE,DISABILITIES|HOUSING|MENTAL HEALTH|SUPPORT & COUNSELLING,-37.73326585166542,144.91695118139836,2,1,2
VIC,SUNBURY,HOUSING|SUPPORT & COUNSELLING,-37.547045078001744,144.71508961679334,191,11,17.363636363636363
VIC,SUNDERLAND BAY,HOUSING,-38.50307100609098,145.27164205369453,21,0,0
VIC,SUNSHINE,DISABILITIES|FOOD|HEALTH|HOUSING|MENTAL HEALTH|SUPPORT & COUNSELLING,-37.78930531748547,144.83433991717598,297,51,5.823529411764706
VIC,SUNSHINE NORTH,HOUSING,-37.76397948926063,144.8364142515508,26,10,2.6
VIC,SUNSHINE WEST,DISABILITIES|HEALTH|HOUSING|MENTAL HEALTH,-37.798099415018655,144.81107874571524,18,0,0
VIC,SURF BEACH,HOUSING,-38.50809814926385,145.29518951754065,4,0,0
VIC,SURREY HILLS,HOUSING,-37.826743963622945,145.0982199061253,4,17,0.23529411764705882
VIC,SUTHERLAND,HOUSING,-36.53279506693559,143.1945722450342,4,0,0
VIC,SWAN BAY,HOUSING,-38.229930550495816,144.66159559738855,2,0,0
VIC,SWAN HILL,HOUSING,-35.362191916000405,143.51179336458137,5,24,0.20833333333333334
VIC,SWAN HILL WEST,HOUSING,-35.36598296287083,143.40383835444217,2,0,0
VIC,SWANPOOL,DISABILITIES|FAMILY VIOLENCE|HEALTH|HOUSING|LAW|MENTAL HEALTH,-36.72704610691409,145.9998236481583,1,0,0
VIC,SYDENHAM,HOUSING,-37.69974756201705,144.7653280887522,6,11,0.5454545454545454
VIC,TABILK,FAMILY VIOLENCE|HOUSING|LAW,-36.844965220943685,145.16928017797423,4,0,0
VIC,TALLANGATTA,EMPLOYMENT|HEALTH|HOUSING|LAW|SUPPORT & COUNSELLING,-36.23147419233468,147.1860879285033,1,3,0.3333333333333333
VIC,TALLANGATTA SOUTH,HOUSING,-36.324138281296776,147.2815733110032,1,0,0
VIC,TANTARABOO,FAMILY VIOLENCE|HOUSING|LAW,-37.23761400283819,144.8237352245933,11,0,0
VIC,TARCOMBE,DISABILITIES|HEALTH|HOUSING|MENTAL HEALTH,-36.97834956546475,145.3712202929477,4,0,0
VIC,TARILTA,HOUSING,-37.17783240820705,144.191217128838,1,0,0
VIC,TARNEIT,HOUSING,-37.83544764126803,144.66473011862794,332,0,0
VIC,TARRANYURK,DISABILITIES|HEALTH|HOUSING|MENTAL HEALTH,-36.223650220140726,142.10041569543836,1,0,0
VIC,TATURA,EMPLOYMENT|HEALTH|HOUSING|LAW,-36.44178943407439,145.21711622483676,4,6,0.6666666666666666
VIC,TAWONGA,HOUSING,-36.685769727528424,147.20064701940015,1,0,0
VIC,TAYLORS HILL,HOUSING,-37.71516350411356,144.75290815762335,16,1,16
VIC,TAYLORS LAKES,HOUSING,-37.698577168212076,144.78638945768986,36,3,12
VIC,TECOMA,HOUSING|LAW,-37.9044901,145.3425703,14,0,0
VIC,TELOPEA DOWNS,HOUSING,-36.01990047947397,141.10783784134065,2,0,0
VIC,TEMPLESTOWE,HOUSING,-37.75399945488545,145.1487458343089,15,10,1.5
VIC,TEMPLESTOWE LOWER,HOUSING,-37.76384513923924,145.11219255779199,20,19,1.0526315789473684
VIC,TENNYSON,HOUSING,-36.29115347806779,144.3757012464771,1,0,0
VIC,TERANG,DISABILITIES|HEALTH|HOUSING,-38.23869929348626,142.87885839807765,20,5,4
VIC,THE BASIN,DISABILITIES|HEALTH|HOUSING|SUPPORT & COUNSELLING,-37.855413960643354,145.31906262188585,7,5,1.4
VIC,THE GURDIES,DISABILITIES|HEALTH|HOUSING|MENTAL HEALTH,-38.386818624782215,145.56612698642726,7,0,0
VIC,THE PATCH,HOUSING,-37.89142786379718,145.40089578349443,4,0,0
VIC,THOMASTOWN,DISABILITIES|HOUSING|MENTAL HEALTH|SUPPORT & COUNSELLING,-37.68379074238653,145.0081360099349,94,4,23.5
VIC,THOMSON,DISABILITIES|HEALTH|HOUSING|MENTAL HEALTH|SUPPORT & COUNSELLING,-38.16951106408063,144.37893059860284,1,1,1
VIC,THORNBURY,DISABILITIES|HEALTH|HOUSING|SUPPORT & COUNSELLING,-37.758185320651734,145.00579573129016,163,17,9.588235294117647
VIC,THORPDALE,HOUSING|SUPPORT & COUNSELLING,-38.301622108353165,146.17191230962626,1,0,0
VIC,THREE BRIDGES,HOUSING,-37.848190532793375,145.6899669836226,4,0,0
VIC,TIMMERING,HOUSING|SUPPORT & COUNSELLING,-36.34787755249493,144.8780813349839,8,0,0
VIC,TONGALA,HOUSING,-36.24559107381914,144.95777282382116,1,3,0.3333333333333333
VIC,TOOLAMBA,ALCOHOL & OTHER DRUGS|HEALTH|HOUSING|MENTAL HEALTH|SUPPORT & COUNSELLING,-36.494052990998895,145.32348740557705,0,1,0
VIC,TOOLERN VALE,HOUSING,-37.604681180599584,144.589832848218,227,0,0
VIC,TOONGABBIE,HOUSING,-38.0358864183647,146.59206516421355,2,0,0
VIC,TOORA,HOUSING,-38.654285654714705,146.31545376763637,3,0,0
VIC,TOORADIN,DISABILITIES|HEALTH|HOUSING|MENTAL HEALTH,-38.200793318181326,145.38379323677822,8,0,0
VIC,TOORAK,HEALTH|HOUSING|SUPPORT & COUNSELLING,-37.841560795770164,145.0175064636445,23,4,5.75
VIC,TOOTGAROOK,HOUSING,-38.37776822759094,144.85016855974314,1,0,0
VIC,TORQUAY,HOUSING,-38.308134874057906,144.32253975096572,2,5,0.4
VIC,TRAFALGAR,HOUSING,-38.16965755357146,146.1471628408647,1,4,0.25
VIC,TRAFALGAR EAST,ALCOHOL & OTHER DRUGS|DISABILITIES|EMPLOYMENT|HEALTH|HOUSING|MENTAL HEALTH,-38.17229867610394,146.1925094293918,2,1,2
VIC,TRARALGON,HEALTH|HOUSING|SUPPORT & COUNSELLING,-38.20340269139523,146.51978311924154,29,30,0.9666666666666667
VIC,TRARALGON EAST,FAMILY VIOLENCE|HOUSING|LAW,-38.18716706214642,146.58935338106556,2,0,0
VIC,TRAVANCORE,DISABILITIES|HEALTH|HOUSING|MENTAL HEALTH|SUPPORT & COUNSELLING,-37.78078101385714,144.93546167384656,46,2,23
VIC,TRENTHAM,HOUSING,-37.38105638596379,144.33042992654683,4,3,1.3333333333333333
VIC,TRUGANINA,HOUSING,-37.79970122814913,144.71202127539917,14,0,0
VIC,TULLAMARINE,DISABILITIES|HOUSING,-37.70541952499686,144.87228569209464,29,1,29
VIC,TYABB,HOUSING,-38.26514086076725,145.18447170867793,6,0,0
VIC,TYERS,HOUSING,-38.13919096502389,146.47116668497054,1,0,0
VIC,TYLDEN,HOUSING|SUPPORT & COUNSELLING,-37.32839790684577,144.41096864457742,1,0,0
VIC,ULUPNA,FAMILY VIOLENCE|HOUSING|LAW,-35.835875014924056,145.45168379616825,1,0,0
VIC,UPPER FERNTREE GULLY,HOUSING,-37.89809789356195,145.30928509907895,43,6,7.166666666666667
VIC,UPPER PLENTY,HOUSING,-37.41974274314335,145.0546138176172,45,0,0
VIC,UPTON HILL,HOUSING,-36.89547952706156,145.4034627106047,1,0,0
VIC,UPWEY,HOUSING|SUPPORT & COUNSELLING,-37.90550000554623,145.3290388805409,3,0,0
VIC,VENTNOR,DISABILITIES|HEALTH|HOUSING|MENTAL HEALTH,-38.492443012811805,145.1953194945386,0,1,0
VIC,VENUS BAY,HOUSING,-38.676570397554286,145.79110002854978,2,0,0
VIC,VERMONT,DISABILITIES|HOUSING|MENTAL HEALTH,-37.83845870416902,145.19917892289442,16,4,4
VIC,VERMONT SOUTH,DISABILITIES|HOUSING,-37.85438534622257,145.1878167933982,3,5,0.6
VIC,VICTORIA POINT,DISABILITIES|HOUSING,-37.50921088447188,142.222320855872,3,0,0
VIC,VIEWBANK,HOUSING,-37.73968531967087,145.09323159685562,70,1,70
VIC,VIOLET TOWN,HOUSING,-36.60965395584159,145.7111227272832,0,6,0
VIC,VITE VITE,HOUSING,-37.86012948277394,143.1449279966719,1,0,0
VIC,WAAIA,HOUSING,-36.04442524735646,145.31115913011726,6,0,0
VIC,WABONGA,FAMILY VIOLENCE|HOUSING|LAW,-37.03323742770873,146.55107664152052,2,0,0
VIC,WAHGUNYAH,FAMILY VIOLENCE|HOUSING|LAW,-36.00465514555097,146.4212486820932,3,0,0
VIC,WALLACEDALE,HOUSING,-37.9229866,141.8428219,1,0,0
VIC,WALLAN,HOUSING|SUPPORT & COUNSELLING,-37.408133069995586,144.96390200973636,57,3,19
VIC,WALWA,DISABILITIES|HEALTH|HOUSING|SUPPORT & COUNSELLING,-35.99244409843695,147.73151353220535,0,1,0
VIC,WANDANA HEIGHTS,DISABILITIES|HEALTH|HOUSING|MENTAL HEALTH,-38.17762972960492,144.29965342216732,1,0,0
VIC,WANDELLA,DISABILITIES|HEALTH|HOUSING|MENTAL HEALTH,-35.73725692897664,143.82363815666565,3,0,0
VIC,WANDIN NORTH,HOUSING,-37.780905371436326,145.42637617887112,1,1,1
VIC,WANGARATTA,DISABILITIES|HEALTH|HOUSING|SUPPORT & COUNSELLING,-36.36827930415232,146.31721971413933,53,57,0.9298245614035088
VIC,WANGARATTA SOUTH,FAMILY VIOLENCE|HOUSING|LAW,-36.391939714734995,146.24873609106808,1,0,0
VIC,WANTIRNA,HOUSING,-37.85235274745371,145.22587950557303,29,8,3.625
VIC,WANTIRNA SOUTH,HEALTH|HOUSING|SUPPORT & COUNSELLING,-37.87389041183838,145.22193400050284,49,35,1.4
VIC,WARATAH BAY,HOUSING,-38.802340349007075,146.05841425842098,1,0,0
VIC,WARBURTON,DISABILITIES|HOUSING,-37.728377078418355,145.6981607424259,34,5,6.8
VIC,WARRACKNABEAL,DISABILITIES|HOUSING|SUPPORT & COUNSELLING,-36.22520413533908,142.4303006571202,2,8,0.25
VIC,WARRAGUL,HOUSING|SUPPORT & COUNSELLING,-38.153756289408626,145.92978379386682,22,37,0.5945945945945946
VIC,WARRAGUL SOUTH,HOUSING,-38.21469534832649,145.9108200466652,3,0,0
VIC,WARRANDYTE,EMPLOYMENT|HEALTH|HOUSING|LAW,-37.747787975298834,145.20958422789093,10,1,10
VIC,WARRANDYTE SOUTH,HOUSING,-37.76024107121711,145.24403634711123,115,0,0
VIC,WARRANWOOD,DISABILITIES|FAMILY VIOLENCE|HEALTH|HOUSING|LAW|MENTAL HEALTH,-37.772627262842235,145.24977948059225,1,0,0
VIC,WARRNAMBOOL,ALCOHOL & OTHER DRUGS|DISABILITIES|EMPLOYMENT|FAMILY VIOLENCE|HEALTH|HOUSING|LAW|MENTAL HEALTH|SUPPORT & COUNSELLING,-38.36867904940619,142.49821248209062,83,71,1.1690140845070423
VIC,WATERFORD PARK,FAMILY VIOLENCE|HOUSING|LAW,-37.30023295014642,145.06683925054705,15,0,0
VIC,WATERLOO,HOUSING,-37.36251586491746,143.43942862667797,1,0,0
VIC,WATSONIA,DISABILITIES|HOUSING,-37.710522707706815,145.08356180791466,25,2,12.5
VIC,WATSONIA NORTH,DISABILITIES|HOUSING,-37.69585153311396,145.0851472111405,4,1,4
VIC,WATTLE GLEN,HOUSING,-37.667343393566384,145.18839042844505,1,3,0.3333333333333333
VIC,WAURN PONDS,HOUSING,-38.203328198964265,144.27513533626401,3,2,1.5
VIC,WEMEN,FAMILY VIOLENCE|HOUSING|LAW,-34.8041933962135,142.66744032319716,1,0,0
VIC,WENDOUREE,HOUSING,-37.530826789940775,143.8284285455145,9,11,0.8181818181818182
VIC,WERRIBEE,HOUSING,-37.90681541611169,144.64216908725803,237,38,6.2368421052631575
VIC,WERRIBEE SOUTH,HOUSING,-37.971736,144.6881112,38,0,0
VIC,WEST FOOTSCRAY,DISABILITIES|HOUSING|SUPPORT & COUNSELLING,-37.80053198460495,144.87089220022634,59,7,8.428571428571429
VIC,WEST MELBOURNE,EMPLOYMENT|HEALTH|HOUSING|LAW|SUPPORT & COUNSELLING,-37.80915096150661,144.92536356687782,91,11,8.272727272727273
VIC,WEST WODONGA,HOUSING,-36.11105369152751,146.82188369662313,4,2,2
VIC,WESTMEADOWS,HOUSING,-37.67525765797783,144.89275457180017,16,2,8
VIC,WHARPARILLA,FAMILY VIOLENCE|HOUSING|LAW,-36.092814751587554,144.633383337022,46,0,0
VIC,WHEATSHEAF,HOUSING,-37.338984042248555,144.24337940751067,1,0,0
VIC,WHEELERS HILL,DISABILITIES|HOUSING,-37.907535605117125,145.1870019779588,89,12,7.416666666666667
VIC,WHITE HILLS,HOUSING,-36.728399713879554,144.3019752852681,0,1,0
VIC,WHITTINGTON,HOUSING,-38.17710450536626,144.39206559921666,2,4,0.5
VIC,WHITTLESEA,HOUSING,-37.46566827755073,145.13108501029242,28,5,5.6
VIC,WHROO,HOUSING,-36.6825390780108,145.03597320096895,7,0,0
VIC,WILLAURA,HOUSING,-37.51993839304882,142.70974906300603,1,3,0.3333333333333333
VIC,WILLIAMS LANDING,HEALTH|HOUSING|SUPPORT & COUNSELLING,-37.86199812593706,144.74301552282716,24,1,24
VIC,WILLIAMSTOWN,HOUSING,-37.86129880731416,144.89007483054456,36,5,7.2
VIC,WILLIAMSTOWN NORTH,FAMILY VIOLENCE|HOUSING|LAW,-37.85264447696369,144.86891431526166,1,0,0
VIC,WILLOWVALE,DISABILITIES|HEALTH|HOUSING|MENTAL HEALTH,-37.8431075156184,143.46472086114355,2,0,0
VIC,WILLUNG SOUTH,HOUSING|SUPPORT & COUNSELLING,-38.325614173663546,146.82518884844882,5,0,0
VIC,WILSONS PROMONTORY,DISABILITIES|HOUSING,-38.95893058923801,146.36823146471997,3,0,0
VIC,WINCHELSEA,HOUSING,-38.2383950945475,143.9501684673929,1,5,0.2
VIC,WINCHELSEA SOUTH,HOUSING,-38.324584065317715,143.9892062919757,1,0,0
VIC,WINDSOR,HOUSING|SUPPORT & COUNSELLING,-37.854549349576885,144.99266339314065,57,11,5.181818181818182
VIC,WODONGA,DISABILITIES|HEALTH|HOUSING|SUPPORT & COUNSELLING,-36.124106704574515,146.88176815289722,120,37,3.2432432432432434
VIC,WOLLERT,HOUSING,-37.592024819729566,145.00556703710598,23,0,0
VIC,WONGA PARK,DISABILITIES|HEALTH|HOUSING|MENTAL HEALTH,-37.73555835574522,145.26968986651954,1,0,0
VIC,WONTHAGGI,HOUSING,-38.616527798685915,145.59161199933132,44,18,2.4444444444444446
VIC,WOODEND,HOUSING,-37.36132061815615,144.5244211082397,1,8,0.125
VIC,WOODSIDE,HOUSING,-38.530541324699364,146.89135610867163,3,0,0
VIC,WOODSIDE BEACH,FAMILY VIOLENCE|HOUSING|LAW,-38.545561369033884,146.9752954584098,2,0,0
VIC,WURRUK,DISABILITIES|HEALTH|HOUSING|MENTAL HEALTH,-38.112733857680425,147.0233786836533,62,0,0
VIC,WY YUNG,HOUSING,-37.790946620548645,147.60723868510692,0,1,0
VIC,WYCHEPROOF,HOUSING,-36.05657418256709,143.23231365134654,1,6,0.16666666666666666
VIC,WYNDHAM VALE,HOUSING,-37.86010740261257,144.6080142534387,97,4,24.25
VIC,YACKANDANDAH,EMPLOYMENT|HEALTH|HOUSING|LAW|SUPPORT & COUNSELLING,-36.33567463795051,146.86801434692114,2,4,0.5
VIC,YALLAMBIE,HOUSING,-37.7224818,145.0936213,2,0,0
VIC,YALLOURN,HOUSING,-38.19197348077423,146.34463853125558,37,0,0
VIC,YARRA GLEN,DISABILITIES|HEALTH|HOUSING|MENTAL HEALTH,-37.64680249054298,145.38152994663722,2,0,0
VIC,YARRA JUNCTION,DISABILITIES|HEALTH|HOUSING,-37.793915256178494,145.62538182174922,10,5,2
VIC,YARRAGON SOUTH,HOUSING,-38.249838373679914,146.07297570778522,28,0,0
VIC,YARRAM,DISABILITIES|HEALTH|HOUSING,-38.55919125952428,146.71994311612812,2,10,0.2
VIC,YARRAVILLE,HEALTH|HOUSING,-37.81794270500468,144.8819742574552,44,7,6.285714285714286
VIC,YARRAWONGA,HOUSING|SUPPORT & COUNSELLING,-36.0370598633109,146.00178723055737,7,16,0.4375
VIC,YARRAWONGA SOUTH,HOUSING,-36.08444753137721,146.02618508935535,1,0,0
VIC,YEA,HOUSING,-37.27444135693433,145.41130884208746,0,2,0
VIC,YINNAR,FAMILY VIOLENCE|HOUSING|LAW,-38.3328215900574,146.31893020183784,1,0,0